Country,GHS_Score_2019,GHS_Score_2021,Prevention_2019,Prevention_2021,Detection_2019,Detection_2021,Response_2019,Response_2021,HealthSystem_2019,HealthSystem_2021,Norms_2019,Norms_2021,RiskEnv_2019,RiskEnv_2021,GHS_Change_19_21,GHS_Change_Category,ISO_Code
Afghanistan,27.9,28.8,15.4,12.0,20.0,20.6,27.1,24.5,20.6,23.0,54.2,60.9,30.4,31.6,0.9000000000000021,No Significant Change,AFG
Albania,46.2,45.0,42.0,42.0,45.4,40.0,43.5,38.1,37.8,47.4,55.0,52.1,53.7,50.6,-1.2000000000000028,Declined,ALB
Algeria,26.8,26.2,19.4,15.3,8.5,12.6,31.1,25.6,12.6,15.0,37.3,38.9,52.0,49.7,-0.6000000000000014,No Significant Change,DZA
Andorra,30.5,34.7,19.0,27.1,2.2,2.2,33.4,39.5,15.5,15.4,33.0,43.2,79.9,80.5,4.200000000000003,Improved,ADO
Angola,25.2,29.1,13.4,14.7,13.3,13.3,20.9,31.6,16.8,23.1,43.1,47.7,43.7,43.9,3.900000000000002,Improved,AGO
Antigua & Barbuda,30.2,30.0,16.7,16.7,5.8,5.8,29.9,32.1,12.1,16.7,54.7,45.5,61.8,63.2,-0.1999999999999993,No Significant Change,ATG
Argentina,56.1,54.4,41.5,41.5,54.6,56.7,52.0,43.6,64.4,64.4,64.8,59.7,59.3,60.6,-1.7000000000000028,Declined,ARG
Armenia,63.2,61.8,75.0,79.3,67.9,69.6,72.6,56.3,55.0,58.8,58.7,59.2,50.3,47.6,-1.4000000000000057,Declined,ARM
Australia,73.2,71.1,68.5,65.2,79.6,82.2,68.5,61.6,66.9,69.2,76.4,72.2,79.5,76.0,-2.1000000000000085,Declined,AUS
Austria,57.4,56.9,53.3,53.3,38.8,41.4,47.9,41.8,54.0,54.0,63.9,63.9,86.5,87.2,-0.5,No Significant Change,AUT
Azerbaijan,34.2,34.7,32.6,32.6,21.7,21.7,33.4,32.4,21.7,24.1,37.8,38.4,57.8,59.3,0.5,No Significant Change,AZE
Bahamas,29.6,30.1,15.0,19.1,12.1,14.2,33.2,30.8,11.6,16.3,47.2,47.7,58.5,52.7,0.5,No Significant Change,BHS
Bahrain,38.9,36.3,31.9,28.6,33.5,37.2,44.8,33.5,38.9,41.2,29.2,21.9,55.0,55.2,-2.6000000000000014,Declined,BHR
Bangladesh,35.4,35.5,22.9,23.7,39.6,43.8,29.3,28.6,23.2,25.6,50.0,42.2,47.4,48.9,0.1000000000000014,No Significant Change,BGD
Barbados,32.2,34.9,23.8,23.8,7.9,13.8,37.1,36.0,9.6,12.0,47.2,54.7,67.8,69.5,2.699999999999996,Improved,BRB
Belarus,41.8,43.9,31.2,34.0,26.1,34.4,49.4,42.2,43.3,45.7,46.7,55.6,53.8,51.6,2.1000000000000014,Improved,BLR
Belgium,61.9,59.3,57.5,54.2,52.9,52.9,57.5,46.4,64.3,64.2,60.6,61.1,78.4,77.2,-2.6000000000000014,Declined,BEL
Belize,30.2,29.7,23.4,27.7,20.4,20.4,28.9,22.1,11.0,10.9,47.2,46.4,50.1,50.7,-0.5,No Significant Change,BLZ
Benin,27.0,25.4,9.2,9.3,18.3,14.2,31.6,29.3,7.6,7.7,50.0,46.9,44.9,45.0,-1.6000000000000014,Declined,BEN
Bhutan,40.8,39.8,34.1,26.6,27.1,33.3,55.5,47.2,35.3,37.7,37.3,37.3,55.8,56.6,-1.0,No Significant Change,BTN
Bolivia,32.0,29.9,40.8,37.4,21.3,21.3,31.0,28.0,17.2,17.2,30.2,26.0,51.4,49.3,-2.1000000000000014,Declined,BOL
Bosnia and Hercegovina,36.4,35.4,34.6,30.4,13.3,13.9,36.0,36.7,39.3,41.7,45.3,38.9,49.9,50.7,-1.0,No Significant Change,BIH
Botswana,31.1,33.6,14.7,14.7,18.9,29.3,30.3,25.3,18.5,20.9,41.7,48.3,62.4,63.3,2.5,Improved,BWA
Brazil,51.0,51.2,49.6,49.7,51.5,53.6,64.8,56.3,50.3,50.3,37.0,41.7,52.8,55.9,0.2000000000000028,No Significant Change,BRA
Brunei,33.0,43.5,22.0,30.1,21.0,44.7,37.5,44.0,22.6,34.9,29.7,41.5,65.1,65.9,10.5,Improved,BRN
Bulgaria,61.4,59.9,66.7,66.8,61.7,61.7,49.0,38.9,58.3,60.8,69.4,69.4,63.5,61.7,-1.5,Declined,BGR
Burkina Faso,34.4,29.8,9.7,9.7,37.6,33.9,47.7,32.4,11.3,13.7,51.9,51.9,48.4,37.4,-4.599999999999998,Declined,BFA
Burundi,22.7,22.1,10.3,14.2,14.2,14.2,30.0,21.5,9.1,9.1,33.3,34.4,39.0,39.4,-0.5999999999999979,No Significant Change,BDI
Cabo Verde,32.6,34.1,20.1,22.3,10.6,14.7,37.4,38.5,21.5,23.1,39.4,43.6,66.5,62.5,1.5,Improved,CPV
Cambodia,31.0,31.1,17.5,24.8,32.9,37.1,27.5,21.3,12.3,12.3,57.5,52.4,38.6,38.4,0.1000000000000014,No Significant Change,KHM
Cameroon,32.2,28.6,15.2,6.5,31.4,30.8,33.8,29.5,17.9,20.3,56.3,51.0,38.8,33.8,-3.6000000000000014,Declined,CMR
Canada,67.6,69.8,69.8,70.4,64.6,70.8,50.0,49.2,65.0,67.3,75.0,79.2,81.3,81.8,2.200000000000003,Improved,CAN
Central African Republic,20.7,18.6,13.8,10.5,12.5,12.5,27.8,20.6,8.3,8.3,31.8,33.9,29.9,26.2,-2.099999999999998,Declined,CAF
Chad,24.5,23.9,18.1,18.1,18.3,18.3,29.6,25.7,10.2,10.2,41.7,46.4,29.2,25.0,-0.6000000000000014,No Significant Change,TCD
Chile,53.0,56.2,46.6,47.2,43.5,58.1,60.8,59.5,48.2,52.9,52.6,53.1,66.4,66.2,3.200000000000003,Improved,CHL
China,49.0,47.5,43.9,43.9,48.5,48.5,48.8,38.5,49.4,51.8,38.9,38.9,64.6,63.4,-1.5,Declined,CHN
Colombia,50.0,53.2,47.2,50.9,43.3,57.9,55.7,49.8,43.7,48.5,61.5,61.5,48.7,51.0,3.200000000000003,Improved,COL
Comoros,25.2,24.9,8.4,8.4,15.8,17.9,31.4,22.4,11.6,14.0,47.9,47.9,36.3,38.8,-0.3000000000000007,No Significant Change,COM
Congo (Brazzaville),23.9,26.3,9.5,1.1,4.2,9.6,28.0,36.2,8.2,8.2,54.2,63.0,39.2,40.0,2.400000000000002,Improved,COG
Congo (Democratic Republic),26.0,26.1,12.4,12.4,29.2,29.2,29.8,26.2,16.2,16.2,42.2,42.7,26.4,29.9,0.1000000000000014,No Significant Change,COD
Cook Islands,21.1,23.9,9.7,9.7,1.7,3.8,31.6,37.5,13.1,13.1,22.9,22.9,47.9,56.1,2.799999999999997,Improved,COK
Costa Rica,40.5,40.8,31.9,31.9,33.1,33.1,39.6,42.6,32.8,32.8,38.0,38.5,67.8,65.9,0.2999999999999971,No Significant Change,CRI
Croatia,49.8,48.8,51.3,47.7,37.8,37.8,37.0,31.0,51.4,51.4,55.0,59.7,66.2,65.0,-1.0,No Significant Change,HRV
Cuba,32.3,30.5,30.7,27.2,6.8,13.1,35.4,32.5,17.1,19.5,46.7,37.5,57.3,53.2,-1.7999999999999972,Declined,CUB
Cyprus,42.3,41.9,44.3,44.1,21.4,25.0,38.0,34.0,31.5,32.3,52.3,52.8,66.2,62.9,-0.3999999999999986,No Significant Change,CYP
Czech Republic,55.0,52.8,46.7,46.1,37.8,37.8,55.3,50.1,55.8,55.8,59.2,51.4,75.0,75.6,-2.200000000000003,Declined,CZE
Côte d'Ivoire,32.9,31.2,15.7,12.4,33.8,29.6,38.8,35.3,14.7,17.1,50.0,47.7,44.3,45.2,-1.6999999999999993,Declined,CIV
Denmark,67.3,64.4,67.7,64.3,60.4,64.6,78.1,51.8,59.7,64.5,56.9,61.1,80.9,79.9,-2.8999999999999915,Declined,DNK
Djibouti,23.9,25.2,12.7,16.1,10.0,14.2,26.9,29.1,14.0,14.0,33.2,33.2,46.6,45.0,1.3000000000000007,Improved,DJI
Dominica,27.1,26.4,13.6,13.6,10.0,14.2,29.3,30.2,9.5,9.4,47.2,38.0,52.7,52.9,-0.7000000000000028,No Significant Change,DMA
Dominican Republic,35.8,34.5,21.0,20.9,27.9,30.0,46.5,39.5,16.8,16.8,45.7,44.6,56.8,54.9,-1.2999999999999972,Declined,DOM
Ecuador,48.2,50.8,49.4,50.5,45.3,51.5,44.2,42.0,49.6,56.7,45.7,53.1,55.2,50.9,2.5999999999999943,Improved,ECU
Egypt,30.3,28.0,19.1,15.7,18.3,18.9,32.7,20.9,16.5,18.8,34.2,33.3,61.0,60.3,-2.3000000000000007,Declined,EGY
El Salvador,42.9,40.8,20.1,11.7,50.4,52.5,47.8,35.5,38.4,38.4,54.0,53.1,46.6,53.4,-2.1000000000000014,Declined,SLV
Equatorial Guinea,18.0,17.4,0.0,0.0,0.0,0.0,24.9,21.2,8.3,8.3,29.2,29.2,45.4,46.0,-0.6000000000000014,No Significant Change,GNQ
Eritrea,22.5,21.4,16.0,12.5,10.4,10.4,23.6,19.9,8.6,8.6,37.5,37.5,38.8,39.3,-1.1000000000000014,Declined,ERI
Estonia,55.6,55.5,42.5,42.5,41.3,41.3,62.9,56.2,46.4,49.4,66.1,66.7,74.2,76.9,-0.1000000000000014,No Significant Change,EST
Ethiopia,37.4,37.8,22.5,22.5,23.5,29.7,42.0,45.9,28.2,28.2,64.9,59.4,43.2,41.2,0.3999999999999986,No Significant Change,ETH
Fiji,25.4,25.8,16.0,16.0,6.3,6.3,33.9,36.3,10.1,10.1,26.9,23.8,58.9,62.3,0.4000000000000021,No Significant Change,FJI
Finland,72.0,70.9,61.6,58.2,65.4,67.5,81.5,70.7,64.1,68.7,77.8,77.8,81.4,82.6,-1.0999999999999943,Declined,FIN
France,62.6,61.9,62.7,59.4,45.1,45.7,56.2,47.7,68.1,70.4,61.1,65.3,82.6,82.9,-0.7000000000000028,No Significant Change,FRA
Gabon,19.9,21.8,3.2,4.6,3.3,7.5,27.9,28.4,9.3,11.7,35.4,37.5,40.5,41.2,1.900000000000002,Improved,GAB
Gambia,29.5,28.7,10.8,10.8,20.8,22.9,37.3,30.9,17.9,15.5,40.1,40.6,50.2,51.4,-0.8000000000000007,No Significant Change,GMB
Georgia,48.2,52.6,51.1,55.2,51.5,65.1,43.8,46.1,23.3,33.7,67.5,63.9,52.0,51.6,4.399999999999999,Improved,GEO
Germany,65.7,65.5,49.1,49.1,70.3,72.4,68.0,56.3,53.7,56.0,70.8,75.0,82.5,83.9,-0.2000000000000028,No Significant Change,DEU
Ghana,31.6,34.3,27.0,27.0,22.6,33.1,34.2,31.4,15.6,22.7,33.9,34.4,56.4,57.2,2.699999999999996,Improved,GHA
Greece,50.6,51.5,52.3,44.8,48.9,48.9,51.7,46.7,42.2,46.2,53.6,63.9,55.0,58.3,0.8999999999999986,No Significant Change,GRC
Grenada,25.6,26.7,1.1,5.3,5.8,10.0,27.7,22.6,11.8,14.2,45.0,45.0,62.0,63.4,1.099999999999998,Improved,GRD
Guatemala,31.0,29.1,16.2,16.3,30.8,30.8,33.8,27.9,16.9,16.8,39.9,42.0,48.4,40.9,-1.8999999999999984,Declined,GTM
Guinea,28.5,26.8,18.0,14.6,28.3,28.3,33.7,25.4,18.0,20.3,36.8,37.3,36.0,35.1,-1.6999999999999993,Declined,GIN
Guinea-Bissau,19.3,21.4,8.4,8.4,12.5,16.7,24.8,25.3,7.2,7.2,34.7,41.7,28.3,29.1,2.099999999999998,Improved,GNB
Guyana,30.0,30.8,21.1,21.1,11.0,11.0,35.5,35.7,16.1,18.5,45.8,47.7,50.3,50.5,0.8000000000000007,No Significant Change,GUY
Haiti,30.1,30.4,22.2,18.9,38.3,38.3,30.7,32.9,11.9,11.9,44.8,46.2,32.4,34.4,0.2999999999999971,No Significant Change,HTI
Honduras,26.3,26.2,14.7,14.6,12.5,12.5,34.3,30.6,16.5,18.9,39.4,40.6,40.2,40.0,-0.1000000000000014,No Significant Change,HND
Hungary,55.0,54.4,52.7,49.4,38.1,38.1,56.3,50.1,57.0,54.6,57.8,62.5,68.2,71.7,-0.6000000000000014,No Significant Change,HUN
Iceland,47.6,48.5,33.2,40.0,32.2,36.4,44.8,47.9,47.5,52.2,46.9,34.4,80.7,79.9,0.8999999999999986,No Significant Change,ISL
India,43.6,42.8,29.7,29.7,37.2,43.5,42.1,30.3,46.1,46.1,47.2,47.2,59.1,60.2,-0.8000000000000043,No Significant Change,IND
Indonesia,49.2,50.4,35.2,31.8,45.4,55.4,60.4,50.2,38.9,41.2,61.6,68.9,53.8,55.0,1.1999999999999955,Improved,IDN
Iran,39.5,36.5,42.9,42.9,24.7,28.9,51.2,36.4,39.4,39.4,27.1,27.1,51.9,44.4,-3.0,Declined,IRN
Iraq,23.3,24.0,17.3,15.4,15.8,24.2,26.7,21.3,15.0,20.2,29.5,32.8,35.4,30.1,0.6999999999999993,No Significant Change,IRQ
Ireland,55.1,55.3,52.9,52.9,49.9,50.4,43.9,41.4,49.3,51.7,55.6,55.6,78.9,79.9,0.1999999999999957,No Significant Change,IRL
Israel,50.7,47.2,41.6,41.6,43.3,46.7,52.6,44.4,52.8,55.2,43.4,30.9,70.4,64.2,-3.5,Declined,ISR
Italy,51.9,51.9,47.2,47.2,49.7,49.7,49.1,43.2,40.3,40.2,59.7,65.3,65.3,65.9,0.0,No Significant Change,ITA
Jamaica,30.9,31.8,17.8,13.7,18.8,19.3,31.2,35.5,14.5,19.3,43.6,43.6,59.6,59.4,0.9000000000000021,No Significant Change,JAM
Japan,58.8,60.5,47.2,43.1,56.1,71.1,63.1,59.5,49.3,51.6,66.7,66.7,70.3,70.9,1.7000000000000028,Improved,JPN
Jordan,41.2,42.8,30.3,30.3,27.2,32.5,45.2,41.8,40.0,47.1,48.1,48.1,56.5,57.1,1.5999999999999943,Improved,JOR
Kazakhstan,44.7,46.1,55.0,54.9,22.4,29.2,39.7,36.5,32.3,34.6,58.7,58.7,60.5,62.9,1.3999999999999986,Improved,KAZ
Kenya,43.1,38.8,34.4,31.0,51.5,55.7,38.4,19.3,23.9,21.5,66.5,62.3,43.8,43.1,-4.300000000000004,Declined,KEN
Kiribati,21.6,26.2,4.2,8.3,0.6,4.7,34.2,44.3,8.7,8.7,37.3,37.8,44.4,53.3,4.599999999999998,Improved,KIR
Kuwait,40.1,36.8,34.7,27.2,17.9,17.9,52.4,40.3,42.5,42.5,30.6,29.2,62.8,63.9,-3.3000000000000043,Declined,KWT
Kyrgyz Republic,43.0,42.4,27.5,27.8,26.7,26.7,36.5,32.8,40.5,40.4,67.0,66.1,60.1,60.4,-0.6000000000000014,No Significant Change,KGZ
Laos,32.8,34.8,10.8,18.7,37.9,37.9,38.4,38.3,21.6,22.0,42.2,44.1,45.9,47.6,2.0,Improved,LAO
Latvia,59.8,61.9,49.3,51.6,72.9,77.1,58.5,51.2,55.9,60.6,55.0,59.7,67.3,71.3,2.1000000000000014,Improved,LVA
Lebanon,36.8,33.4,17.0,8.6,41.0,38.9,57.0,52.0,19.2,21.6,39.6,40.1,46.9,39.0,-3.3999999999999986,Declined,LBN
Lesotho,32.6,30.9,21.6,12.5,8.5,8.5,46.9,45.8,27.2,27.2,43.6,42.7,48.1,48.8,-1.7000000000000028,Declined,LSO
Liberia,34.5,35.7,7.6,7.6,23.8,24.6,34.7,32.6,29.2,36.4,67.4,66.5,44.7,46.6,1.2000000000000028,Improved,LBR
Libya,23.3,25.3,15.5,11.1,22.1,28.3,21.5,31.1,13.1,13.0,29.2,31.3,38.5,36.7,2.0,Improved,LBY
Liechtenstein,45.0,46.4,32.8,41.2,17.1,17.1,42.9,37.7,44.3,46.6,50.0,51.4,83.1,84.4,1.3999999999999986,Improved,LIE
Lithuania,54.9,59.5,37.0,38.2,62.2,64.3,49.0,58.7,51.8,59.9,62.5,62.5,66.8,73.3,4.600000000000001,Improved,LTU
Luxembourg,48.6,48.4,30.3,30.3,33.3,33.3,51.0,46.4,36.8,36.7,55.6,56.9,84.4,86.5,-0.2000000000000028,No Significant Change,LUX
Madagascar,30.9,30.4,17.5,17.5,27.5,31.7,35.9,28.5,15.8,15.8,52.6,52.6,36.1,36.6,-0.5,No Significant Change,MDG
Malawi,27.8,28.5,17.3,17.3,14.7,10.6,23.5,24.9,19.9,22.3,47.9,51.9,43.2,44.2,0.6999999999999993,No Significant Change,MWI
Malaysia,55.1,56.4,45.2,37.7,57.5,72.5,65.0,61.4,39.0,36.6,50.3,56.4,73.3,73.9,1.2999999999999972,Improved,MYS
Maldives,30.8,32.0,20.8,20.8,16.7,20.8,37.8,35.3,16.4,18.8,34.7,35.9,58.4,60.2,1.1999999999999993,Improved,MDV
Mali,30.6,29.0,13.9,10.5,24.6,25.1,33.1,32.2,14.5,17.3,58.2,56.1,39.1,32.7,-1.6000000000000014,Declined,MLI
Malta,39.3,40.2,32.0,36.2,19.7,21.8,31.5,27.4,24.1,26.4,55.0,55.6,73.2,73.8,0.9000000000000057,No Significant Change,MLT
Marshall Islands,18.8,24.6,0.0,0.0,1.7,20.4,29.5,34.7,5.1,10.6,28.3,33.0,48.3,49.0,5.800000000000001,Improved,MHL
Mauritania,25.4,26.2,1.9,1.9,24.6,26.7,31.0,28.5,21.0,21.0,33.2,37.8,40.8,41.3,0.8000000000000007,No Significant Change,MRT
Mauritius,38.3,39.7,27.3,27.3,35.8,32.2,29.9,35.0,20.7,23.1,51.2,54.5,65.0,65.8,1.4000000000000057,Improved,MUS
Mexico,55.1,57.0,41.7,41.9,50.1,54.3,61.5,64.8,52.5,54.7,68.1,68.1,56.8,57.9,1.8999999999999984,Improved,MEX
"Micronesia, Federated States of",30.5,28.5,11.0,10.9,25.0,25.0,53.0,38.6,8.4,8.4,33.2,33.2,52.6,54.7,-2.0,Declined,FSM
Moldova,40.8,41.0,37.3,41.6,34.2,34.2,40.0,35.7,46.8,48.3,38.9,38.9,47.5,47.5,0.2000000000000028,No Significant Change,MDA
Monaco,33.8,33.3,7.5,7.5,20.6,20.6,30.8,35.6,40.9,40.9,26.9,19.1,76.0,76.0,-0.5,No Significant Change,MCO
Mongolia,40.9,41.0,33.6,30.2,37.9,37.9,44.5,41.1,24.1,24.3,42.2,46.2,63.2,66.3,0.1000000000000014,No Significant Change,MNG
Montenegro,40.8,44.1,36.3,33.8,17.5,32.1,42.3,39.7,37.0,41.7,54.0,59.2,57.6,57.9,3.3000000000000043,Improved,MNE
Morocco,35.6,33.6,29.4,29.3,27.9,27.9,36.1,28.0,30.9,30.8,32.6,33.2,57.0,52.5,-2.0,Declined,MAR
Mozambique,29.6,30.4,15.1,19.2,24.2,28.3,30.2,26.9,24.0,24.0,41.0,43.6,43.1,40.5,0.7999999999999972,No Significant Change,MOZ
Myanmar,37.8,38.3,25.0,21.7,38.5,46.8,42.5,37.8,14.7,19.5,61.8,63.7,44.4,40.4,0.5,No Significant Change,MMR
Namibia,30.9,30.3,12.5,9.2,35.4,31.8,27.4,31.1,14.4,16.8,41.5,40.6,53.9,52.2,-0.5999999999999979,No Significant Change,NAM
Nauru,19.5,18.0,4.2,8.3,0.0,0.0,33.1,27.7,7.6,7.6,24.1,16.3,47.8,47.8,-1.5,Declined,NRU
Nepal,35.6,34.0,34.0,30.6,23.9,28.1,40.6,26.9,35.5,37.9,30.6,31.1,48.9,49.2,-1.6000000000000014,Declined,NPL
Netherlands,67.7,64.7,60.0,57.8,61.3,57.1,70.7,58.2,67.0,66.7,67.5,68.1,79.6,80.2,-3.0,Declined,NLD
New Zealand,55.8,62.5,48.4,45.0,47.6,75.3,55.3,50.3,46.6,48.9,59.7,77.8,76.9,77.7,6.700000000000003,Improved,NZL
Nicaragua,40.0,36.3,36.5,37.3,30.8,23.3,43.8,28.0,47.5,47.5,42.0,43.4,39.4,38.3,-3.700000000000003,Declined,NIC
Niger,29.7,28.7,22.3,18.9,28.3,24.2,25.0,26.7,24.0,24.0,41.7,46.4,37.1,31.9,-1.0,No Significant Change,NER
Nigeria,37.0,38.0,23.5,20.1,35.8,37.9,41.8,43.2,23.4,23.4,54.7,62.8,42.6,40.7,1.0,No Significant Change,NGA
Niue,21.7,20.1,9.4,9.4,0.0,0.0,28.7,25.1,5.4,5.4,29.9,21.5,56.5,59.1,-1.599999999999998,Declined,NIU
North Korea,18.9,16.1,16.7,16.7,4.2,0.0,17.9,3.6,7.0,7.0,27.1,32.6,40.8,36.6,-2.799999999999997,Declined,PRK
North Macedonia,40.1,42.2,39.9,35.7,30.8,37.1,40.2,35.2,28.8,38.3,43.2,47.4,57.6,59.7,2.1000000000000014,Improved,MKD
Norway,61.4,60.2,49.6,53.8,52.5,46.3,68.1,57.5,45.1,45.0,64.8,69.4,88.2,89.0,-1.1999999999999955,Declined,NOR
Oman,40.9,39.1,35.4,35.4,33.5,33.5,45.9,31.7,26.2,28.6,39.6,41.5,64.7,64.2,-1.7999999999999972,Declined,OMN
Pakistan,31.3,30.4,17.0,17.1,25.0,29.2,28.7,18.8,24.1,26.8,47.4,45.8,45.7,44.8,-0.9000000000000021,No Significant Change,PAK
Palau,19.9,25.5,0.8,4.2,1.7,17.5,31.6,32.8,5.9,6.6,25.5,34.4,54.3,57.3,5.600000000000001,Improved,PLW
Panama,50.4,53.5,36.8,42.3,51.7,50.4,61.8,63.5,48.0,55.0,42.2,43.2,61.8,66.4,3.1000000000000014,Improved,PAN
Papua New Guinea,26.3,25.0,8.4,11.1,18.8,14.6,34.2,36.5,16.0,16.1,38.9,29.2,41.8,42.3,-1.3000000000000007,Declined,PNG
Paraguay,39.8,40.3,39.2,40.5,30.4,28.3,36.7,36.9,40.1,40.0,38.0,44.1,54.4,51.7,0.5,No Significant Change,PRY
Peru,53.8,54.9,37.7,37.7,48.9,57.8,50.2,45.8,65.7,71.7,65.1,61.5,55.3,55.0,1.1000000000000014,Improved,PER
Philippines,43.5,45.7,27.7,27.7,34.3,52.6,46.7,38.8,46.3,46.5,53.5,55.9,52.5,52.8,2.200000000000003,Improved,PHL
Poland,54.3,55.7,46.8,43.5,31.0,42.5,59.9,53.3,55.1,52.7,63.4,72.2,69.8,70.1,1.4000000000000057,Improved,POL
Portugal,58.7,54.7,52.8,52.8,44.7,42.6,63.7,41.5,50.7,53.9,63.4,59.7,77.2,77.5,-4.0,Declined,PRT
Qatar,45.1,48.7,32.1,36.4,33.5,39.7,54.2,55.2,40.0,42.4,43.8,46.7,67.0,71.7,3.6000000000000014,Improved,QAT
Romania,45.5,45.7,42.4,39.0,33.6,44.0,32.7,24.7,45.4,47.9,55.0,55.6,63.7,63.3,0.2000000000000028,No Significant Change,ROU
Russia,47.1,49.1,42.1,45.5,35.3,43.6,54.7,44.7,49.6,58.9,51.4,51.4,49.6,50.5,2.0,Improved,RUS
Rwanda,31.1,33.1,29.7,25.4,24.6,34.6,28.5,30.5,20.9,18.5,33.9,39.4,49.2,50.1,2.0,Improved,RWA
Samoa,29.7,28.8,10.6,10.6,0.0,4.2,40.1,38.2,11.7,11.7,51.9,43.6,64.1,64.3,-0.8999999999999986,No Significant Change,WSM
San Marino,32.2,32.9,17.4,17.4,17.2,21.4,28.8,36.6,28.6,28.6,26.6,18.8,74.5,74.7,0.6999999999999957,No Significant Change,SMR
Saudi Arabia,45.0,44.9,33.4,33.4,50.0,52.1,39.4,32.7,38.4,40.7,49.3,49.5,59.7,61.2,-0.1000000000000014,No Significant Change,SAU
Senegal,35.9,32.8,14.3,11.0,28.3,28.3,49.5,41.3,14.3,14.6,56.8,54.0,51.9,47.8,-3.1000000000000014,Declined,SEN
Serbia,45.0,45.0,44.0,44.0,28.6,28.6,41.2,36.3,46.2,50.9,50.9,51.4,58.9,58.5,0.0,No Significant Change,SRB
Seychelles,33.2,31.8,8.3,8.6,22.9,18.8,37.4,32.5,15.8,18.2,45.1,45.7,69.8,67.3,-1.400000000000002,Declined,SYC
Sierra Leone,34.1,32.7,17.4,9.0,31.4,31.4,39.1,37.3,30.6,31.0,48.6,47.2,37.7,40.3,-1.3999999999999986,Declined,SLE
Singapore,55.8,57.4,50.2,46.8,49.0,61.1,64.6,61.3,44.9,47.3,46.7,48.6,79.6,79.5,1.6000000000000014,Improved,SGP
Slovakia,52.0,54.4,51.9,51.3,33.9,37.1,36.9,43.7,59.5,62.7,58.3,59.7,71.7,72.2,2.3999999999999986,Improved,SVK
Slovenia,68.6,67.8,66.2,65.7,66.7,70.8,64.2,59.9,65.7,72.8,76.4,63.9,72.7,73.4,-0.7999999999999972,No Significant Change,SVN
Solomon Islands,21.8,23.3,1.1,1.1,4.2,4.2,25.8,31.6,16.5,18.9,37.3,38.5,45.7,45.2,1.5,Improved,SLB
Somalia,17.9,16.0,11.4,11.4,15.8,11.7,28.9,25.8,1.3,1.3,26.0,21.9,24.2,23.6,-1.8999999999999984,Declined,SOM
South Africa,47.5,45.8,35.5,32.1,52.1,50.0,61.3,62.0,29.3,29.2,47.2,43.1,59.4,58.5,-1.7000000000000028,Declined,ZAF
South Korea,65.9,65.4,53.2,48.8,67.5,73.8,74.9,65.0,58.8,62.5,66.7,69.4,74.1,73.1,-0.5,No Significant Change,KOR
South Sudan,21.6,21.3,15.4,12.1,16.7,14.6,21.3,25.4,17.1,19.5,31.3,31.3,27.8,25.1,-0.3000000000000007,No Significant Change,SSD
Spain,60.4,60.9,47.7,47.5,64.6,70.8,61.8,54.6,49.7,52.9,63.4,63.9,75.3,75.6,0.5,No Significant Change,ESP
Sri Lanka,33.1,34.1,21.5,21.7,32.9,35.6,33.2,26.2,13.6,16.1,38.9,39.6,58.1,65.5,1.0,No Significant Change,LKA
St Kitts & Nevis,30.8,31.7,16.7,16.7,8.1,10.1,36.4,37.3,9.1,9.1,51.9,53.0,62.8,64.1,0.8999999999999986,No Significant Change,KNA
St Lucia,34.2,34.7,13.9,14.0,24.7,20.6,39.2,40.1,12.0,14.4,55.6,56.1,59.7,62.7,0.5,No Significant Change,LCA
St Vincent & The Grenadines,32.7,33.5,17.1,17.1,5.3,9.4,37.1,37.2,24.7,29.8,54.2,48.3,57.7,59.0,0.7999999999999972,No Significant Change,VCT
Sudan,30.0,28.3,22.6,22.5,15.8,15.8,50.6,42.9,12.8,12.8,41.7,41.7,36.8,34.1,-1.6999999999999993,Declined,SDN
Suriname,33.2,35.0,13.4,14.8,20.0,24.2,51.8,54.5,18.9,21.3,44.3,44.8,50.6,50.5,1.7999999999999972,Improved,SUR
Sweden,66.4,64.9,80.6,77.3,64.6,62.5,46.1,39.8,53.6,53.5,69.4,73.6,83.8,82.7,-1.5,Declined,SWE
Switzerland,60.4,58.8,50.2,50.2,38.3,42.5,71.3,64.9,50.9,50.9,68.1,59.7,83.9,84.6,-1.6000000000000014,Declined,CHE
Syria,18.7,16.7,9.7,12.9,8.3,4.2,24.6,18.0,13.4,13.4,24.0,24.5,32.0,27.4,-2.0,Declined,SYR
São Tomé and Príncipe,20.9,26.6,0.0,14.4,5.8,7.9,29.4,32.1,10.9,25.2,34.7,33.9,44.7,46.0,5.700000000000003,Improved,STP
Tajikistan,29.8,29.3,30.8,22.1,5.8,10.6,34.5,29.3,24.9,24.8,39.4,41.1,43.5,48.0,-0.5,No Significant Change,TJK
Tanzania,32.2,31.3,18.8,15.4,29.7,25.6,29.9,26.4,11.0,11.0,53.1,58.9,50.8,50.5,-0.9000000000000021,No Significant Change,TZA
Thailand,68.9,68.2,63.9,59.7,83.2,91.5,78.6,67.3,62.3,64.7,66.5,68.9,58.9,57.2,-0.7000000000000028,No Significant Change,THA
Timor-Leste,24.2,27.8,9.8,16.7,18.3,24.6,29.1,24.0,9.7,12.1,31.1,41.5,47.4,48.0,3.6000000000000014,Improved,TLS
Togo,26.1,27.8,13.6,10.2,27.1,34.6,30.3,27.0,11.5,13.8,33.3,38.5,40.9,42.6,1.6999999999999993,Improved,TGO
Tonga,24.5,26.4,16.9,16.9,4.2,8.3,32.2,33.6,6.5,8.9,29.7,31.1,57.5,59.2,1.8999999999999984,Improved,TON
Trinidad and Tobago,37.7,36.8,22.3,22.3,12.1,12.6,44.2,43.2,29.7,33.7,54.7,46.4,63.5,62.7,-0.9000000000000057,No Significant Change,TTO
Tunisia,32.1,31.5,25.3,21.9,20.4,20.4,48.9,41.9,13.1,13.0,29.2,33.7,56.0,57.7,-0.6000000000000014,No Significant Change,TUN
Turkey,49.8,50.0,50.3,51.1,35.1,41.4,46.4,36.6,49.1,53.9,59.7,59.7,57.8,57.2,0.2000000000000028,No Significant Change,TUR
Turkmenistan,33.3,31.9,22.0,22.1,27.1,27.6,32.7,21.8,31.2,30.6,38.0,38.0,48.8,51.1,-1.3999999999999986,Declined,TKM
Tuvalu,20.2,20.0,4.2,4.2,0.0,0.0,27.1,24.0,8.3,8.3,27.1,28.1,54.5,55.5,-0.1999999999999993,No Significant Change,TUV
Uganda,39.0,36.5,22.9,19.5,35.0,35.6,45.1,33.8,20.4,20.4,67.2,67.2,43.4,42.4,-2.5,Declined,UGA
Ukraine,36.9,38.9,32.8,31.4,23.3,32.8,37.7,26.1,32.7,49.1,50.9,47.2,44.0,46.7,2.0,Improved,UKR
United Arab Emirates,40.1,39.6,39.0,39.0,25.1,22.6,42.1,37.5,17.1,19.5,43.4,43.9,73.9,74.7,-0.5,No Significant Change,ARE
United Kingdom,68.3,67.2,63.3,63.5,62.5,70.8,68.1,64.8,66.0,68.3,75.0,62.5,75.0,73.0,-1.0999999999999943,Declined,GBR
United States of America,76.2,75.9,78.6,79.4,75.3,80.1,72.8,65.7,75.2,75.2,81.9,81.9,73.7,73.3,-0.2999999999999971,No Significant Change,USA
Uruguay,39.1,40.3,41.1,45.3,15.0,15.0,29.0,37.7,36.4,36.3,39.4,33.9,73.8,73.6,1.1999999999999955,Improved,URY
Uzbekistan,37.7,39.0,36.2,40.6,20.0,18.5,35.7,28.6,24.4,30.3,57.3,62.8,52.7,53.3,1.2999999999999972,Improved,UZB
Vanuatu,27.0,25.9,16.8,8.3,4.2,6.8,31.2,29.5,10.6,13.0,43.6,42.2,55.8,55.8,-1.1000000000000014,Declined,VUT
Venezuela,21.4,20.9,13.0,13.0,0.0,4.2,29.4,25.4,18.0,18.1,31.6,30.2,36.6,34.7,-0.5,No Significant Change,VEN
Vietnam,42.2,42.9,43.7,40.3,42.1,55.1,35.3,30.6,24.0,24.0,54.7,53.3,53.6,53.9,0.6999999999999957,No Significant Change,VNM
Yemen,19.9,16.1,9.2,0.8,8.3,4.2,24.7,17.5,12.0,12.0,37.5,37.5,27.8,24.9,-3.799999999999997,Declined,YEM
Zambia,28.0,26.5,14.0,5.6,18.8,19.3,33.0,34.9,20.8,21.1,35.2,34.4,46.4,43.5,-1.5,Declined,ZMB
Zimbabwe,33.4,32.4,21.4,18.1,40.4,40.4,36.9,31.4,14.4,16.8,42.2,42.7,44.9,44.9,-1.0,No Significant Change,ZWE
eSwatini,30.7,29.3,23.8,24.0,21.1,21.7,30.1,25.9,9.4,11.8,48.4,40.1,51.3,52.1,-1.3999999999999986,Declined,SWZ
