iso_code,location,Deaths_per_Million_Y1,Deaths_per_Million_Y2,Deaths_per_Million_Total,Cases_per_Million_Y1,Cases_per_Million_Y2,Cases_per_Million_Total,Vaccinated_per_Hundred_Y1,Vaccinated_per_Hundred_Y2,Vaccinated_per_Hundred_Total,Excess_Mortality_Y1,Excess_Mortality_Y2,Excess_Mortality_Total
ABW,Aruba,436.02,1679.16,2708.92,48500.82,159241.88,410271.62,NA,74.21,79.25,621.03,3305.71,3305.71
AFG,Afghanistan,53.18,181.18,197.1,1277.71,3891.24,5796.47,NA,9.13,44.67,NA,NA,NA
AGO,Angola,11.22,49,54.36,481.24,1996.41,3016.16,NA,11.04,27,NA,NA,NA
AIA,Anguilla,0,352.06,844.95,844.95,115899.17,274890.88,NA,58.09,65.38,NA,NA,NA
ALB,Albania,401.04,1127.1,1274.93,19585.41,73284.73,118491.02,NA,36.28,45.01,2027.45,5133.62,5841.71
AND,Andorra,1041.12,1743.56,1994.43,97915.26,272572.2,602280.44,NA,64.37,67.01,1152.81,1773.4,1773.4
ARE,United Arab Emirates,63.95,210.5,229.35,19614.37,73181.39,104180.94,NA,95.96,103.72,126.19,403.45,403.45
ARG,Argentina,1046.23,2594.92,2877.54,35894.81,122443.8,222455.06,0,67.63,76.69,801.76,2887.62,4093.72
ARM,Armenia,960.82,2757.14,3046.64,54786.68,119574.8,156991.11,NA,24.89,37.07,3572.84,7123.47,8309.08
ASM,American Samoa,0,0,702.99,0,227.44,172831.6,NA,NA,NA,NA,NA,NA
ATG,Antigua and Barbuda,53.85,1270.85,1572.41,1669.34,45546.09,98071.1,NA,62.77,66.53,33.45,33.45,33.45
AUS,Australia,35.11,90.72,963.17,1079.96,13992.11,452699,NA,75.47,82.7,41.59,59.66,1386.02
AUT,Austria,777.63,1829.85,2485.91,38030.25,138128.22,671004.9,NA,70.64,74.76,805.03,1624.46,3178.02
AZE,Azerbaijan,234.67,804.64,1005.6,20568.98,59650.38,81178.45,NA,45.15,46.94,1748.9,3567.98,3878.84
BDI,Burundi,0.15,1.05,1.13,60.73,2026.78,4096.43,NA,0.03,0.28,NA,NA,NA
BEL,Belgium,1664.17,2421.62,2949.63,54867.74,175927.06,418562.72,0,75.75,78.68,1477.43,1740.79,2596.93
BEN,Benin,3.2,11.7,11.85,232.93,1812.2,2037.57,NA,9.88,20.54,NA,NA,NA
BES,Bonaire Sint Eustatius and Saba,104.7,767.78,1430.86,6351.64,113038.32,416067.56,NA,61.87,61.87,NA,NA,NA
BFA,Burkina Faso,3.46,14.08,17.77,281.84,757.03,983.56,NA,2.86,23.08,NA,NA,NA
BGD,Bangladesh,43.99,165.66,174.15,3005.86,9347.07,12110.57,NA,23.8,83.07,NA,NA,NA
BGR,Bulgaria,1043.53,4472.4,5669.61,28917.08,107514.91,194845.4,NA,28.24,30.64,2209.28,8238.76,10293.52
BHR,Bahrain,228.89,909.06,1001.66,59680.76,182279.4,454276.25,NA,80.01,83.33,NA,NA,NA
BHS,Bahamas,425.11,1793.51,2135.61,19590.28,59439.96,98421.81,NA,35.94,40.73,668.18,2630.42,2630.42
BIH,Bosnia and Herzegovina,1224.1,4144.71,5114.82,34114.4,89776.44,125956.49,NA,22.29,26.17,1987.64,5846.38,7126.27
BLM,Saint Barthelemy,0,365.36,456.7,17263.43,157654.36,503014.25,NA,NA,NA,NA,NA,NA
BLR,Belarus,150,597.83,775.95,20158.85,75502.32,108362.68,NA,33.86,67.28,2477.64,3259.74,3259.74
BLZ,Belize,566.12,1469.93,1708.29,26046.52,78221.48,177319.92,NA,49.13,54.63,323.09,1360.87,1799.23
BMU,Bermuda,138.95,1636.51,2547.4,8661.15,93620.7,291175.2,NA,70.42,74.22,398.12,2743.99,2743.99
BOL,Bolivia,752.08,1617.1,1853.66,12717.4,47631,100366.93,NA,37.58,50.4,2184.32,4841.58,5224.84
BRA,Brazil,905.76,2940.43,3338.54,35417.66,105706.41,178367.94,NA,66.62,81.82,904.04,3109.54,4061.99
BRB,Barbados,24.79,920.93,2100.42,1229.08,97862.74,384600.7,NA,51.01,55.05,-58.42,-58.42,2115.97
BRN,Brunei,6.59,133.96,393.08,333.79,33921.57,763598.6,NA,89.24,99.49,176.12,176.12,1141.64
BTN,Bhutan,0,3.84,26.89,764.48,3406.24,80286.07,NA,72.22,86.61,47.64,47.64,340.98
BWA,Botswana,15.98,999.63,1148,5692.87,87086.53,135536.98,NA,39.31,63.24,NA,NA,NA
CAF,Central African Republic,12.36,19.81,22.16,1140.44,2406.42,3028.81,NA,6,44.54,NA,NA,NA
CAN,Canada,379.53,768.93,1424.01,13890.35,50532.18,124134.43,0,76.55,82.59,330.12,651.35,1867.99
CHE,Switzerland,816.86,1345.29,1611.66,49512.07,142584.66,507026.47,NA,NA,NA,905.46,1279.1,2338.9
CHL,Chile,838.95,1995.24,3297.8,30603.64,92012.59,276229.6,NA,84.41,90.29,750.98,1999.89,3362.24
CHN,China,3.35,4,85.82,67.59,91.82,69726.8,NA,84.68,89.54,NA,NA,NA
CIV,Cote d'Ivoire,4.41,23.26,27.47,726.47,2100.58,2909.49,NA,7.68,43.2,NA,NA,NA
CMR,Cameroon,16.21,66.99,71.44,950.94,3932.87,4532.52,NA,2.36,11.45,NA,NA,NA
COD,Democratic Republic of Congo,5.65,11.77,14.4,164.43,732.87,986.44,NA,0.12,14.54,NA,NA,NA
COG,Congo,16.57,60.81,64.46,1058.64,3328.69,4180.04,NA,2.28,10.96,NA,NA,NA
COK,Cook Islands,0,0,135.62,0,0,498067.4,NA,73.38,86.47,NA,NA,NA
COL,Colombia,805.79,2506.59,2758.65,30436.21,98926.51,123543.3,NA,54.6,71.72,1030.11,3181.78,3685.92
COM,Comoros,8.39,183.41,191.8,792.38,6716.68,10919.55,NA,29.41,47.45,NA,NA,NA
CPV,Cape Verde,215.49,677.25,802.31,22506.98,75061.09,124048.1,NA,43.15,52.05,323.7,969.15,969.15
CRI,Costa Rica,413.83,1446.15,1844.24,32284.45,112071.89,242966.97,NA,67.66,84.35,185.2,1169.88,1861.49
CUB,Cuba,12.75,752.27,771.26,998.03,87217.23,100694.4,NA,86.27,89.67,113.21,4765.8,5055.16
CUW,Curacao,64.74,1003.5,1645.53,21855.83,98726.2,247546.55,NA,50.54,52.77,NA,NA,NA
CYM,Cayman Islands,27.93,153.61,516.7,4440.78,117108.19,439497.84,NA,82.78,88.32,NA,NA,NA
CYP,Cyprus,85.63,478.45,1089.85,14565.38,112551.23,523075.38,NA,67.84,72.11,238.86,973.48,1817.01
CZE,Czechia,1065,3371.8,4076.47,63248.23,232961.75,446155.97,0,63.48,65.71,1421.45,3913.82,4536.97
DEU,Germany,559.06,1399.66,2080.95,19743.76,83414.88,457123.1,NA,70.96,76.24,294.02,1059.73,2896.07
DJI,Djibouti,53.64,166.21,166.21,5105.09,11932.11,13798.26,NA,2.33,35.79,NA,NA,NA
DMA,Dominica,0,673.15,1106.96,1436.05,98115.18,240044.88,NA,37.96,42.14,NA,NA,NA
DNK,Denmark,196.34,541.6,1642.08,25608.95,118172.97,582032.56,NA,76.63,80.11,-5.05,136.87,969.06
DOM,Dominican Republic,214.06,377.27,390.36,14775.52,36853.07,58865.52,NA,50.76,54.6,221.97,709.27,849.8
DZA,Algeria,59.85,136.97,151.31,2151.77,4757.88,5984.05,NA,12.49,14.43,1273.36,2801.81,3041.13
ECU,Ecuador,784.9,1887.75,2022.56,11741.2,30373.15,60449.45,NA,70.5,79.11,2285.2,3815.59,4708.31
EGY,Egypt,65.28,191.54,220.48,1166.02,3378.85,4582.05,NA,18.58,38.15,969.09,2615.23,3175.44
ERI,Eritrea,0.29,21.12,30.21,292.42,2309.17,2988.46,NA,NA,NA,NA,NA,NA
ESH,Western Sahara,NA,NA,NA,NA,NA,NA,NA,NA,NA,NA,NA,NA
ESP,Spain,1128.28,1908.39,2547.69,40134.09,127542.21,292302.16,NA,79.63,85.66,1472.91,2034.08,3152.11
EST,Estonia,210.36,1353.98,2220.59,22984.36,167995.22,452169.94,0.01,62.42,65.06,77.63,2224.87,3479
ETH,Ethiopia,15.16,54.98,60.41,976.3,3156.3,3997.26,NA,NA,35.38,NA,NA,NA
FIN,Finland,110.96,329.66,2058.79,6832.46,57966.9,269281.97,NA,73.73,78.46,86.37,513.89,2894.68
FJI,Fiji,2.17,758.08,962.56,50.03,57583.63,75097.78,NA,65.13,68.96,500.85,2112.34,2112.34
FLK,Falkland Islands,0,0,0,8250.36,23044.1,547083.94,NA,46.7,46.7,NA,NA,NA
FRA,France,988.43,1931.7,2615.09,36377.6,135505.23,606706,0,73.21,78.44,712.01,1214.19,1920.3
FRO,Faroe Islands,0,240.57,518.14,10621.96,95301.54,641351.6,NA,76.3,76.99,-228.83,-228.83,-199.56
FSM,Micronesia (country),0,0,579.72,0,0,283302.4,NA,NA,NA,NA,NA,NA
GAB,Gabon,26.33,118.07,126.3,3907.02,15990.94,20179.35,NA,7.25,10.78,NA,NA,NA
GBR,United Kingdom,1327.02,2583.76,3404.43,34386.28,184436.86,366308,NA,70.26,75.19,1157.59,2028.02,3482.37
GEO,Georgia,626.39,3560.68,4519.36,58397.28,243589.16,491099.22,NA,30.68,34.08,1356.7,5456.17,7158.69
GGY,Guernsey,250.99,360.8,1051.01,4658.97,104254.25,554150.6,NA,21.5,83.23,NA,NA,NA
GHA,Ghana,10.11,38.83,44.1,1649.54,4262.4,5190.54,NA,6.97,32.2,NA,NA,NA
GIB,Gibraltar,159.44,2657.38,3002.84,40551.67,216364.17,546092.3,NA,122.61,126.89,6.11,599.43,599.43
GIN,Guinea,5.69,27.68,33.3,972.88,2214.85,2744.34,NA,6.68,42.24,NA,NA,NA
GLP,Guadeloupe,402.91,2160.11,2654,22406.9,145033.97,528290.6,NA,NA,NA,561.61,2959.17,3925.28
GMB,Gambia,46.65,129.72,141.1,1438.28,3844.53,4789.35,NA,9.22,19.93,NA,NA,NA
GNB,Guinea-Bissau,21.37,70.77,84.06,1162.17,3070.95,4566.06,NA,1.1,26.01,NA,NA,NA
GNQ,Equatorial Guinea,47.68,97.03,101.47,2903.16,7557.32,9497.94,NA,12.14,12.78,NA,NA,NA
GRC,Greece,449.65,1969.27,3770.28,13415.82,104210.23,544892.3,NA,67.8,73.64,568.73,2278.05,3801.65
GRD,Grenada,0,1710.45,2035.44,992.06,50937.33,168419.88,NA,28.26,31.11,NA,NA,NA
GRL,Greenland,0,17.85,374.91,464.17,38222.59,213714.42,NA,67.36,68.17,-89.21,-89.21,-89.21
GTM,Guatemala,266.87,901.79,1131.96,7573.51,35019.8,70057.12,NA,26.27,39.94,620.81,2470.82,2937.7
GUF,French Guiana,238,1129.66,1384.42,42816.59,158317.11,328644.84,NA,NA,NA,-3.44,755.05,1014.22
GUM,Guam,732.48,1634.45,2536.43,42943.71,92376.8,316520.7,NA,NA,NA,NA,NA,NA
GUY,Guyana,197.17,1268.2,1584.64,7654.24,47517.39,90603.38,NA,36.37,47.23,NA,NA,NA
HKG,Hong Kong,NA,NA,NA,NA,NA,NA,NA,62.25,90.85,209.12,427.78,2897.38
HND,Honduras,292.53,996.67,1062.13,11339.86,36226.81,45193.18,NA,41.18,56.11,NA,NA,NA
HRV,Croatia,924.74,3142.8,4799.55,52293.41,177398.64,337121.47,NA,48.47,55.87,1209.51,4073.85,5993.57
HTI,Haiti,20.43,66.59,74.76,855.91,2257.9,2995.24,NA,0.64,3.16,NA,NA,NA
HUN,Hungary,934.19,3955.58,5065.21,32636.31,127766.52,230352.08,NA,60.01,62.28,1023.49,3645.22,4209.28
IDN,Indonesia,76.17,516.64,581.21,2558.42,15284.41,24493.01,NA,41.26,63.51,NA,NA,NA
IMN,Isle of Man,415.95,796.25,1378.59,4480.41,165347.5,451701.84,NA,77.43,79.38,NA,NA,NA
IND,India,103.56,336.52,374.36,7147.25,24404.54,31598.86,NA,42.57,67.18,NA,NA,NA
IRL,Ireland,436.4,1184.73,1906.84,16668.45,136221.38,341503.62,NA,77.33,80.94,300.07,887.37,2103.71
IRN,Iran,609.6,1467.18,1640.19,13347.93,69064.02,85204.44,NA,57.81,66.16,1311.49,2863.32,3069.53
IRQ,Iraq,289.7,547.35,575.78,13405.3,47476.41,55945.4,NA,12.67,17.85,NA,NA,NA
ISL,Iceland,73.61,97.27,489,15098.54,63638.37,553080.2,NA,76.14,77.82,104.72,157.69,1814.98
ISR,Israel,356.14,906.39,1395.89,43842.55,149922.7,531855.56,0,62.89,65.19,302.94,808.19,1603.6
ITA,Italy,1201.41,2290.04,3309.46,34203.5,94305.86,449202.94,NA,75.73,81.21,1674.2,2820.81,4421.99
JAM,Jamaica,103.55,867.16,1271.86,4467.53,32529.09,55361.97,NA,20.05,26.88,17.98,1801.89,2080.37
JEY,Jersey,396.16,859.96,1555.66,25537.96,168823.02,641502.3,NA,69.49,73.9,NA,NA,NA
JOR,Jordan,331.28,1105.52,1254.59,25439.69,93407.6,155202.16,NA,34.86,40.39,418.08,1349.3,1517.64
JPN,Japan,25.7,147.1,597.56,1738.53,13854.58,270433.8,NA,80.44,83.4,-62.42,-62.42,1702.19
KAZ,Kazakhstan,133.22,907.68,951.95,9840.07,53400.78,75088.55,NA,43.9,54.79,1588.04,4203.19,4371.07
KEN,Kenya,30.51,98.78,104.86,1766.61,5186.09,6342.68,NA,7.69,20.53,NA,NA,NA
KGZ,Kyrgyzstan,0,123.64,147.22,0,9904.12,12788.34,NA,14.95,21.2,1164.57,2226.19,2511.24
KHM,Cambodia,0,174.87,177.66,21.16,7002.15,8099.13,NA,81.46,87.63,NA,NA,NA
KIR,Kiribati,0,0,183.94,0,0,38971.19,NA,17.28,62.08,NA,NA,NA
KNA,Saint Kitts and Nevis,0,599.17,984.36,641.97,60687.77,141383.66,NA,53.73,56.63,289.51,2204.45,3846.4
KOR,South Korea,15.6,102.35,693.94,1097.96,11812.23,667636.06,NA,81.67,85.64,14.58,146.88,1650.12
KWT,Kuwait,202.42,537.75,559.97,32563.14,90404.12,145394.48,NA,75.35,78.39,736.35,1559.11,1628.15
LAO,Laos,0,43,88.77,5.42,14053.56,28980,NA,41.16,69.36,NA,NA,NA
LBN,Lebanon,240.06,1571.42,1905.65,29501.64,123815.78,215842.16,NA,33.36,43.98,623.49,2354.64,2354.64
LBR,Liberia,16.56,53.41,54.72,338.9,1159.06,1505.59,NA,14.24,70.36,NA,NA,NA
LBY,Libya,195.88,780.89,891.08,13518.22,53249.37,70221.87,NA,12.12,18.15,NA,NA,NA
LCA,Saint Lucia,27.96,1649.94,2293.14,1705.87,74247.46,169368.1,NA,27.42,30.56,NA,NA,NA
LIE,Liechtenstein,991.46,1754.12,2262.56,53081.15,154031.94,548810.25,NA,NA,NA,1289.22,1479.85,1687.21
LKA,Sri Lanka,8.36,651.81,740.4,1797.86,25559.44,29463.5,NA,63.41,67.57,NA,NA,NA
LSO,Lesotho,28,290.89,310.13,1127.24,12327.48,15807.62,NA,31.55,40.68,NA,NA,NA
LTU,Lithuania,574.03,2592.19,3482.52,47647.4,183180.8,486117.47,NA,66.62,68.4,1931.16,5940.03,9580.7
LUX,Luxembourg,436.24,971.96,1530.65,58751.05,146771.23,602376.2,NA,5.85,71.45,187.5,209.13,209.13
LVA,Latvia,335.98,2559.73,3973.83,19313.6,144295.92,519795.25,0,68.22,70.57,296.99,3835.37,5747.64
MAC,Macao,NA,NA,NA,NA,NA,NA,NA,66.4,92.39,NA,-6.99,1793.07
MAF,Saint Martin (French part),415.25,1349.57,1591.81,34120.01,142501.22,426465.5,NA,NA,NA,NA,NA,NA
MAR,Morocco,192.99,397.2,436.79,11534.23,25599,34265.92,NA,61.39,62.8,NA,NA,NA
MCO,Monaco,77.02,975.64,1720.2,16560.12,118231.53,441115.3,NA,70.34,70.34,1044.85,4385.37,5968.59
MDA,Moldova,973.69,3350.01,4027.98,46380.46,123141.65,209711.42,NA,30.01,32.97,1666.73,5128.84,5554.3
MDG,Madagascar,8.57,33.74,46.92,581.98,1651.89,2252.73,NA,1.83,8.88,NA,NA,NA
MDV,Maldives,91.58,497.98,602.92,26032.4,180998.1,356207.4,NA,70.15,73.53,312.18,1109.17,1109.17
MEX,Mexico,1118.78,2357.89,2601.22,11300.67,31116.41,59243.24,NA,57.08,64.19,2442.17,5099.9,5492.28
MHL,Marshall Islands,0,0,424,99.77,99.77,406469.78,NA,NA,NA,NA,NA,NA
MKD,North Macedonia,1573.71,4538.55,5422.13,44448.65,121348.02,190695.11,NA,39.01,40.04,2683.75,6749.4,8062.5
MLI,Mali,10.84,28.3,32.2,284.93,867.3,1437.46,NA,1.74,16.08,NA,NA,NA
MLT,Malta,429.77,933.37,1745.57,23885.16,89807.91,232482.77,NA,81.73,88.43,513.04,981.68,1432.7
MMR,Myanmar,48.38,358.17,362.63,2267.36,9852.02,11959.14,NA,24.05,66.33,NA,NA,NA
MNE,Montenegro,883.43,3702.92,4317.9,57284.63,257073.12,408818.03,NA,43.51,45.43,883.86,4750.93,5589.06
MNG,Mongolia,0.3,585.05,630.83,331.07,204059.94,298725.5,NA,63.66,64.02,-36.09,216.2,216.2
MNP,Northern Mariana Islands,43.38,238.61,889.35,2646.36,62753.52,323463.7,NA,NA,NA,NA,NA,NA
MOZ,Mozambique,4.87,60.02,68.96,556.16,5048.41,7160.74,NA,18.46,64.7,NA,NA,NA
MRT,Mauritania,69.12,176.8,204.49,2772.15,8296.95,13100.22,NA,16.2,32.53,NA,NA,NA
MSR,Montserrat,223.41,223.41,1787.31,2904.38,10053.62,313449.5,NA,33.36,44.23,NA,NA,NA
MTQ,Martinique,120.18,2217.7,3159.15,17375.33,136862.2,659169.44,NA,NA,NA,95.84,2570.78,3780.3
MUS,Mauritius,7.84,597.12,840.82,412.97,70596.03,257157.16,NA,70.02,83.74,-18.57,845.01,1506.3
MWI,Malawi,9.14,113.18,130.59,308.38,3436.38,4335.12,NA,3.46,21.01,NA,NA,NA
MYS,Malaysia,13,903.11,1076.54,2994.62,79006.77,153028.81,NA,75.62,81.18,17.48,782.72,1335.8
MYT,Mayotte,176.89,606,612.56,18890.98,69733.17,137667.97,NA,NA,NA,465.98,1294.85,1602.32
NAM,Namibia,67.48,1249.62,1421.62,7586.68,50558.4,59706.86,NA,11.05,21.46,49.42,1225.86,1225.86
NCL,New Caledonia,0,975.16,1093.58,132.34,44289.89,279186.16,NA,59.74,63.74,76.81,713.67,1775.07
NER,Niger,3.99,10.82,12.44,122.83,287.14,376.03,NA,1.77,20.92,NA,NA,NA
NGA,Nigeria,5.59,13.51,14.14,374.53,1057.64,1197.34,NA,2.05,37.2,NA,NA,NA
NIC,Nicaragua,24.37,32.09,36.4,711.67,2010.35,2404.67,NA,41.82,88.17,1214.14,2626.18,2727.36
NIU,Niue,0,0,0,0,0,582429.5,NA,58.91,83.76,NA,NA,NA
NLD,Netherlands,644.48,1170.66,1283.82,43184.75,172331.84,482562.8,NA,65.97,67,755.45,1624.49,2956.03
NOR,Norway,77.15,244.65,1050.43,8657.83,68774.8,277204.28,NA,72.31,74.61,-4.83,217.45,1717.06
NPL,Nepal,91.54,389.86,404.87,8688.45,27839.78,33768.65,NA,31.88,80.11,NA,NA,NA
NRU,Nauru,0,0,84.6,0,0,456221.97,NA,57.13,89.4,NA,NA,NA
NZL,New Zealand,4.87,9.74,834.81,348.62,2636.34,514260.6,NA,74.37,82.77,-3.68,-3.68,108.22
OMN,Oman,315.21,947.1,978.39,27121.32,64491.2,84446.06,NA,63.42,66.62,292.42,1002.77,1027.9
PAK,Pakistan,40.28,118.61,125.79,1926.47,5306.02,6485.95,NA,29.93,59.57,NA,NA,NA
PAN,Panama,853.49,1683.57,1987.83,51504.6,110520.83,237417.66,NA,63.61,72,702.22,1729.59,1729.59
PCN,Pitcairn,0,0,0,0,0,88888.89,NA,100,100,NA,NA,NA
PER,Peru,2763.91,6047.84,6601.11,30038.32,67897.1,135232.81,NA,64.86,84.32,2387.32,5513.28,5913.82
PHL,Philippines,79.56,449.26,586.71,4115.35,24906.69,36622.25,NA,42.94,67.88,-15.14,2023.22,2393.89
PLW,Palau,0,0,562.3,0,449.84,358299.6,NA,NA,NA,NA,NA,NA
PNG,Papua New Guinea,0.88,57.82,65.67,76.45,3541.05,4593.08,NA,2.17,3.17,NA,NA,NA
POL,Poland,708.78,2457.42,3145.08,32822.69,105529.62,173783.28,NA,52.8,56.83,1506.12,4015.03,4447.03
PRI,Puerto Rico,502.94,1018.52,1832.17,25394.55,77857.53,386523.97,NA,NA,NA,551.48,1430.05,3752.09
PRK,North Korea,0,0,0,0,0,0,NA,NA,NA,NA,NA,NA
PRT,Portugal,642.7,1813.18,2765.56,36236.09,123129.38,543733.1,NA,83.15,86.75,927.21,2022.14,3247.26
PRY,Paraguay,318.62,2455.16,2940.63,15367,68801.52,108832.66,NA,43.48,52.31,401.5,3308.96,4229.64
PSE,Palestine,265.02,923.61,1075.91,27998.56,88297.61,132552.62,NA,28.87,33.85,238.55,922.94,922.94
PYF,French Polynesia,385.18,2268.28,2318.21,59025.14,165420.19,283131.66,NA,51.94,60.99,8.61,1844.18,1844.18
QAT,Qatar,84.36,212.28,238.55,49405.27,85669.49,177884.27,NA,82.31,105.83,141.07,342.45,684.51
REU,Reunion,48.19,460.1,1056.75,10222.11,82376.98,567494.2,NA,NA,NA,-18.27,293.44,1187.91
ROU,Romania,788.24,3054.04,3590.85,32022.08,94037.52,184779.06,NA,39.76,41.28,1686.03,5501.8,6019.59
RUS,Russia,376.27,2089.7,2769.53,20952.4,71383.62,166703.84,NA,46.14,55.08,2560.02,7421.18,9344.61
RWA,Rwanda,5.35,98.6,107.54,572.63,7655.98,9762.2,NA,39.45,75.49,NA,NA,NA
SAU,Saudi Arabia,191.95,275.68,299.8,11252.9,17168.61,26152.6,NA,63.67,69.86,NA,NA,NA
SDN,Sudan,30.78,66.78,102.18,500.05,937.26,1295.84,NA,2.63,28.62,NA,NA,NA
SEN,Senegal,21.92,107.08,111.66,1049.4,4212.37,5069.66,NA,5.3,8.93,NA,NA,NA
SGP,Singapore,5.13,145.49,358.24,10357.55,49162.76,532073.56,0,83.1,90.85,68.46,309.37,1552.29
SHN,Saint Helena,0,0,0,0,0,403427.1,NA,65.38,65.38,NA,NA,NA
SLB,Solomon Islands,0,0,254.78,21.76,28.17,33228.56,NA,7.72,35.12,NA,NA,NA
SLE,Sierra Leone,9.18,14.86,15.22,307.97,804.54,964.02,NA,4.2,57.66,NA,NA,NA
SLV,El Salvador,206.52,607.93,673.53,7104.58,19384.53,32151.25,NA,65.6,68.56,753.09,753.09,753.09
SMR,San Marino,1670.92,2872.8,3693.61,67217.77,223990.86,741418.25,NA,64.19,70.15,2456.08,3961.86,4399.1
SOM,Somalia,7.13,74.88,76.45,263.46,1321.88,1535.46,NA,4.6,43.57,NA,NA,NA
SPM,Saint Pierre and Miquelon,0,0,347.22,2777.78,17013.89,594791.7,NA,NA,NA,NA,NA,NA
SRB,Serbia,439.24,1850.62,2658.88,47615.46,189876.55,380413.34,NA,46.68,47.71,2129.19,6954.5,8494.96
SSD,South Sudan,5.72,12.25,13.34,318.02,1343.78,1707.89,NA,1.66,39.16,NA,NA,NA
STP,Sao Tome and Principe,75.12,251.86,353.49,4480.52,16543.46,29918.74,NA,22.52,49.25,NA,NA,NA
SUR,Suriname,190.96,1903.16,2256.2,9435.58,82742.67,132388.6,NA,36.93,38.49,79.4,2585.36,2585.36
SVK,Slovakia,323.94,2996.06,3878.36,30607.9,150849.58,343127.25,NA,43.44,45.68,845.35,4486.16,5343.66
SVN,Slovenia,1362.03,2878.65,4766.86,54561.91,215977.45,641340.2,NA,56.09,57.66,1359.24,2374.34,2979.98
SWE,Sweden,888.98,1459.09,2612.58,39869.91,122682.09,262715.12,NA,68.78,71.98,715.7,935.46,1910.37
SWZ,Eswatini,133.72,1043.55,1170.71,6862.63,52818.02,61821.89,NA,25.07,35.56,NA,NA,NA
SXM,Sint Maarten (Dutch part),616.65,1778.81,2182.01,32492.94,112610.59,262101.84,NA,56.94,60.58,NA,NA,NA
SYC,Seychelles,0,1003.73,1370.17,1680.85,194221.39,413328.88,NA,73.05,78,-30.32,-30.32,-30.32
SYR,Syria,29.78,127.82,140.82,486.68,2228.24,2556.43,NA,3.53,10.66,NA,NA,NA
TCA,Turks and Caicos Islands,130.81,566.83,872.05,18400.23,70526.94,148357.28,NA,59.34,67.16,NA,NA,NA
TCD,Chad,5.64,9.81,10.51,107.61,308.91,417.33,NA,0.46,28.33,NA,NA,NA
TGO,Togo,7.48,27.06,31.9,391.1,3079.52,4348.86,NA,11.54,17.56,NA,NA,NA
THA,Thailand,0.84,300.83,483.93,85.61,30807.28,66901.21,NA,64.6,74.6,73.84,881.55,2781.71
TJK,Tajikistan,8.84,12.28,12.28,1331.24,1717.99,1746.77,NA,29.09,52.17,1035.23,1730.42,1730.42
TKL,Tokelau,0,0,0,0,0,34602.07,NA,51.14,116.38,NA,NA,NA
TKM,Turkmenistan,0,0,0,0,0,0,NA,0.3,71.05,NA,NA,NA
TLS,East Timor,0,89.1,100.78,29.94,14484.05,17132.85,NA,39.74,59.77,NA,NA,NA
TON,Tonga,0,0,114.23,0,9.52,161594.62,NA,52.99,72.39,NA,NA,NA
TTO,Trinidad and Tobago,83.56,1816.94,2934.64,4744.23,59457.64,128012.02,NA,43.68,46.82,NA,NA,NA
TUN,Tunisia,365.2,2105.97,2427.77,10745.64,59639.82,95167.02,NA,47.93,51.81,192.95,2436.46,2675.76
TUR,Turkey,225.41,933.89,1164.95,24505.06,106675.27,195325.25,NA,60.47,62.31,779.6,2147.55,3414.58
TUV,Tuvalu,0,0,99.88,0,0,293947.25,NA,51.91,83.86,NA,NA,NA
TWN,Taiwan,NA,NA,NA,NA,NA,NA,NA,67.63,87.02,25.3,25.3,1506.46
TZA,Tanzania,0.32,11.39,13.07,7.87,452.87,668.04,NA,2.51,49.11,NA,NA,NA
UGA,Uganda,6.3,69.33,76.77,714.71,2855.28,3638.64,NA,2.98,27.64,NA,NA,NA
UKR,Ukraine,372.19,2254.22,2677.79,24071.56,87848.78,134785.47,NA,34.65,39.65,901.12,4109.59,4533.11
URY,Uruguay,42.17,1817.21,2265.47,4673.67,119949.7,307099,NA,78.43,84.82,-20.71,1048.49,2177.72
USA,United States,1004.06,2379.23,3493.55,55310.59,151899.53,302859.5,0.01,63.36,69.47,1332.86,2888.02,3967.69
UZB,Uzbekistan,0,24.61,29.08,0.26,3342.54,5011.05,NA,32.06,53.29,556.96,1140.34,1854.41
VAT,Vatican,0,0,0,50682.26,50682.26,50682.26,NA,NA,NA,NA,NA,NA
VCT,Saint Vincent and the Grenadines,0,793.64,1214.95,1058.18,57249.52,94785.52,NA,25.24,30.43,330.64,1232.51,1232.51
VEN,Venezuela,35.8,188.28,207.56,3955.73,15701.94,19590.07,NA,41.02,52.88,NA,NA,NA
VGB,British Virgin Islands,26.08,1017.11,1669.1,2425.41,80090.76,197084.3,NA,54.27,58.28,NA,NA,NA
VIR,United States Virgin Islands,265.83,1017.09,1525.64,22873.06,92544.01,293443.22,NA,NA,NA,NA,NA,NA
VNM,Vietnam,0.35,313.14,433.44,14.45,16569.64,116612.4,NA,69.7,87.55,NA,NA,NA
VUT,Vanuatu,0,0,44.72,3.19,22.36,38391.76,NA,15.43,49.66,NA,NA,NA
WLF,Wallis and Futuna,0,608.64,782.54,347.8,39387.88,326928.1,NA,51.08,58.67,NA,NA,NA
WSM,Samoa,0,0,144.01,4.64,9.29,79235.75,NA,54.75,80.02,NA,NA,NA
YEM,Yemen,15.88,51.88,56.48,54.84,264.53,312.51,NA,0.64,2.4,NA,NA,NA
ZAF,South Africa,425.16,1455.2,1644.72,15949.6,54633.27,65291.25,NA,26.44,35.13,798.47,4027.19,5115.79
ZMB,Zambia,18.95,183.45,202.3,976.09,11491.18,17359.36,NA,6.08,46.03,NA,NA,NA
ZWE,Zimbabwe,21.22,304,357.21,806.71,12679.4,16577.57,NA,19.21,29.11,NA,NA,NA
