Economy (code),Economy (name),Region,Income classification,CC_Estimate_2019,CC_AnnualChange,CC_Trajectory,GE_Estimate_2019,GE_AnnualChange,GE_Trajectory,PV_Estimate_2019,PV_AnnualChange,PV_Trajectory,RL_Estimate_2019,RL_AnnualChange,RL_Trajectory,RQ_Estimate_2019,RQ_AnnualChange,RQ_Trajectory,VA_Estimate_2019,VA_AnnualChange,VA_Trajectory
ABW,Aruba,Latin America & Caribbean,High income,1.1651628,0.013258480000000007,Improving,0.9077089,0.0008378133333333408,Stable,1.3349373999999998,0.047048166666666655,Improving,1.2930625,0.04573587333333333,Improving,0.9858983,0.016172453333333333,Improving,1.4172559,0.06493397333333334,Improving
AFG,Afghanistan,South Asia,Low income,-1.5013636,0.009400282608695661,Stable,-1.6540804999999998,0.029763073913043486,Improving,-2.5893714,0.0099249956521739,Stable,-1.6571549,0.011301730434782607,Improving,-1.2762178,0.05276788695652174,Improving,-1.1404758,0.047607313043478275,Improving
AGO,Angola,Sub-Saharan Africa,Lower middle income,-0.9647988,0.006577239130434789,Stable,-0.9116965,-0.014841482608695653,Declining,-0.4207038999999999,0.08955062173913043,Improving,-1.0519682,0.022532426086956527,Improving,-0.9960854,0.028638599999999997,Improving,-0.9382176,0.03512999565217391,Improving
ALB,Albania,Europe & Central Asia,Upper middle income,-0.5384935,0.013002521739130437,Improving,0.0266494,0.04333556956521739,Improving,0.0043749999999999,0.031605473913043476,Improving,-0.2914280999999999,0.004485760869565218,Stable,0.0917374,0.03833633913043478,Improving,0.0967645999999999,0.0401235304347826,Improving
ARE,United Arab Emirates,Middle East & North Africa,High income,1.0878297,0.036801669565217396,Improving,1.3982082999999998,0.040242917391304346,Improving,0.8295526,-0.009739686956521745,Stable,0.4262682,-0.008722734782608692,Stable,1.1457173,0.029232308695652184,Improving,-0.8093064,0.0016836608695652167,Stable
ARG,Argentina,Latin America & Caribbean,Upper middle income,-0.0847054,0.0060928478260869525,Stable,0.2629574,0.0027608695652173963,Stable,0.0571577,0.0012081391304347869,Stable,-0.3381255999999999,-0.02032575217391304,Declining,-0.4491082999999999,-0.029751360869565213,Declining,0.5979723,0.007176208695652179,Stable
ARM,Armenia,Europe & Central Asia,Upper middle income,-0.0523489,0.02260736956521739,Improving,-0.2531827,0.0008790695652173926,Stable,0.0683699,0.055001665217391305,Improving,-0.2479878999999999,0.0006614304347826136,Stable,0.2583707,0.04460754347826086,Improving,0.2006866,0.044840391304347825,Improving
ASM,American Samoa,East Asia & Pacific,High income,1.8025255,0.07592054,Improving,0.7699022999999999,0.055624146666666666,Improving,1.2471192,0.05583665333333333,Improving,1.3724833,0.05515376000000001,Improving,-0.0709177,-0.011228386666666668,Declining,1.3288373,0.07103208666666667,Improving
ATG,Antigua and Barbuda,Latin America & Caribbean,High income,0.2193663,-0.029357391304347825,Declining,-0.2627125999999999,-0.04443157826086956,Declining,0.9169085,0.009144478260869567,Stable,0.5895104999999999,-0.016945721739130438,Declining,0.5787682,0.002152852173913043,Stable,0.5090714,0.013950926086956526,Improving
AUS,Australia,East Asia & Pacific,High income,1.7864413,-0.015821378260869563,Declining,1.6666492,0.002847699999999999,Stable,0.8454141,-0.02862399565217391,Declining,1.6342612,-0.0024273695652173807,Stable,1.8466041,0.03994163913043478,Improving,1.4944488,0.0032486521739130427,Stable
AUT,Austria,Europe & Central Asia,High income,1.607711,-0.014017900000000008,Declining,1.7527564999999998,-0.001520056521739139,Stable,0.7878107999999999,-0.027441926086956524,Declining,1.8098146,-0.0013585000000000016,Stable,1.5588698,0.008840721739130438,Stable,1.4551242,0.0008743434782608701,Stable
AZE,Azerbaijan,Europe & Central Asia,Upper middle income,-0.7550887,0.031517660869565214,Improving,-0.0555998,0.056792782608695656,Improving,-0.3373117,0.030035682608695654,Improving,-0.6725504,0.023755556521739128,Improving,-0.1045151,0.05088697826086956,Improving,-1.4597886999999998,-0.0049219173913043444,Stable
BDI,Burundi,Sub-Saharan Africa,Low income,-1.4706435,-0.026165686956521737,Declining,-0.9766193,0.03676975652173914,Improving,-1.6692962999999998,0.03663617826086957,Improving,-1.3300858,-0.003576095652173915,Stable,-0.9261778,0.037767465217391306,Improving,-1.6236321,-0.018943634782608697,Declining
BEL,Belgium,Europe & Central Asia,High income,1.4973857,-0.00015185217391305126,Stable,1.1205718999999998,-0.024234108695652182,Declining,0.3774033,-0.03858804782608695,Declining,1.4493311,0.0021831695652173915,Stable,1.2890183,0.009598452173913042,Stable,1.4474148,-0.0005018782608695642,Stable
BEN,Benin,Sub-Saharan Africa,Lower middle income,-0.2398967,0.0230073,Improving,-0.3133743,0.020710195652173913,Improving,-0.1979767999999999,-0.04303735217391304,Declining,-0.3953437999999999,-0.020995613043478255,Declining,-0.4897407,-0.00944645652173913,Stable,-0.0206192,-0.00751554347826087,Stable
BFA,Burkina Faso,Sub-Saharan Africa,Low income,-0.2008751,-0.018392778260869564,Declining,-0.627609,0.014889552173913046,Improving,-1.1957065999999998,-0.04585301739130434,Declining,-0.4085225999999999,0.00695036086956522,Stable,-0.4675262,0.00805269565217391,Stable,-0.1034561,0.02384646956521739,Improving
BGD,Bangladesh,South Asia,Lower middle income,-1.1006451,-0.009937195652173913,Stable,-0.5970582,0.009309208695652172,Stable,-0.996755,-0.011511621739130432,Declining,-0.9419472,-0.0009431217391304364,Stable,-0.8895369,0.011733552173913041,Improving,-0.9898354,-0.02921501304347826,Declining
BGR,Bulgaria,Europe & Central Asia,High income,-0.1252922,0.0028895608695652135,Stable,0.0359426,0.02778735217391304,Improving,0.5788167,0.02998409565217391,Improving,-0.1405825,0.00237165652173913,Stable,0.4580562999999999,0.042453934782608685,Improving,0.1389293,-0.005063582608695652,Stable
BHR,Bahrain,Middle East & North Africa,High income,-0.0835445,-0.008314260869565217,Stable,0.4361988,-0.0015835826086956482,Stable,-0.603362,-0.013571678260869562,Declining,0.0073826,-0.0051133086956521735,Stable,0.5202512,0.010961482608695658,Improving,-1.2689416,-0.0077276608695652175,Stable
BHS,"Bahamas, The",Latin America & Caribbean,High income,1.2125503,-0.005696717391304343,Stable,0.748057,-0.01731202173913043,Declining,0.6927555,-0.01413829565217391,Declining,0.376965,-0.037917630434782607,Declining,-0.0039803999999999,-0.024208226086956518,Declining,0.6241479,-0.020640795652173912,Declining
BIH,Bosnia and Herzegovina,Europe & Central Asia,Upper middle income,-0.6387532,-0.005026291304347826,Stable,-0.7937191,0.024700639130434788,Improving,-0.3091938999999999,0.01941441739130435,Improving,-0.3905029,-0.003602352173913043,Stable,-0.3767077,0.04133964347826087,Improving,-0.4515923,-0.011204308695652174,Declining
BLR,Belarus,Europe & Central Asia,Upper middle income,0.0170373999999999,0.0255508652173913,Improving,-0.2387162,0.023956200000000004,Improving,0.4258145,0.014218469565217391,Improving,-0.7942370999999999,-0.012469047826086956,Declining,-0.5076275,0.03004311304347826,Improving,-1.2640856,-0.015434952173913045,Declining
BLZ,Belize,Latin America & Caribbean,Upper middle income,-0.075652,-0.0014855826086956564,Stable,-0.3772395,-0.004514704347826087,Stable,0.1334022,-0.009573686956521738,Stable,-0.5612969,-0.041109917391304346,Declining,-0.5749240999999999,-0.037868734782608694,Declining,0.0770993,-0.03371896086956522,Declining
BMU,Bermuda,North America,High income,1.1784788,-0.008006195652173918,Stable,1.4583123999999998,0.030395595652173906,Improving,0.977236,0.011767413043478262,Improving,0.8729102999999999,-0.008235117391304355,Stable,0.8762608,-0.02352052608695652,Declining,1.0557605,0.0014072095238095294,Stable
BOL,Bolivia,Latin America & Caribbean,Lower middle income,-0.8232153,-0.010791408695652175,Declining,-0.4578656,-0.0070258086956521745,Stable,-0.7539613,-0.022852143478260874,Declining,-1.2449049,-0.04087969130434783,Declining,-0.9755809,-0.04418454782608696,Declining,-0.4802862,-0.023663491304347823,Declining
BRA,Brazil,Latin America & Caribbean,Upper middle income,-0.372764,-0.021399060869565213,Declining,0.0428329,0.0010985043478260912,Stable,-0.7221162999999999,-0.02998245652173913,Declining,-0.3861785,-0.001970608695652173,Stable,-0.099421,0.0003304913043478263,Stable,0.2046798,-0.0029630130434782605,Stable
BRB,Barbados,Latin America & Caribbean,High income,1.1451261,-0.013645386956521746,Declining,0.7790151,0.0008609304347826074,Stable,0.9758945,0.003924908695652173,Stable,0.7845979,0.00034218260869565433,Stable,0.3609853999999999,-0.044231865217391315,Declining,0.918711,-0.013650778260869564,Declining
BRN,Brunei Darussalam,East Asia & Pacific,High income,1.1831673,0.019134200000000004,Improving,1.0771038,0.01797306956521739,Improving,1.0980607,-0.014513278260869561,Declining,0.2885456999999999,-0.03321276956521739,Declining,0.8013123,-0.01833353913043478,Declining,-0.7735434999999999,0.0071235130434782615,Stable
BTN,Bhutan,South Asia,Lower middle income,1.4640293,0.0304966,Improving,0.4846393,0.010510134782608696,Improving,1.1641112999999998,0.031073382608695646,Improving,0.6618685999999999,0.038864334782608694,Improving,-0.0695533,0.004851208695652173,Stable,0.4302342999999999,0.05793836086956521,Improving
BWA,Botswana,Sub-Saharan Africa,Upper middle income,0.8223153999999999,-0.007357973913043482,Stable,0.4033394999999999,0.0073221478260869525,Stable,1.1539103,0.0003172956521739091,Stable,0.4519148,-0.006119447826086955,Stable,0.4296886,-0.000100578260869566,Stable,0.2359357,-0.01645967391304348,Declining
CAF,Central African Republic,Sub-Saharan Africa,Low income,-1.2014247999999998,0.0014322086956521736,Stable,-1.5816743,-0.011985134782608696,Declining,-1.8528537,0.00044446086956521127,Stable,-1.5839953,-0.01596549565217392,Declining,-1.3673824,0.002474817391304343,Stable,-1.0322464,-0.0007983608695652245,Stable
CAN,Canada,North America,High income,1.7955073,-0.016696317391304345,Declining,1.8495246,0.0031484434782608735,Stable,0.9041813,-0.016876047826086957,Declining,1.682264,-0.0031371043478260834,Stable,1.6826483,0.021650326086956523,Improving,1.5957418,-0.0006516478260869444,Stable
CHE,Switzerland,Europe & Central Asia,High income,2.3009699,0.0084193347826087,Stable,2.0556232,0.009545047826086948,Stable,1.2001317,-0.013776182608695644,Declining,1.9141226,-0.0020638391304347832,Stable,1.767121,0.022152308695652177,Improving,1.6494367,0.003517565217391308,Stable
CHL,Chile,Latin America & Caribbean,High income,1.1570367,-0.018854739130434783,Declining,1.0469727,0.0019164652173913055,Stable,0.1657238999999999,-0.0219272,Declining,0.9142445,-0.01202790434782608,Declining,1.0772532,-0.009224560869565222,Stable,1.0810035999999998,0.005233069565217383,Stable
CHN,China,East Asia & Pacific,Upper middle income,-0.0496157999999999,0.012224595652173919,Improving,0.6706546999999999,0.042760156521739125,Improving,-0.1385886999999999,-0.0010084695652173871,Stable,-0.5515574,-0.0007402304347826096,Stable,-0.0619233999999999,0.011700639130434787,Improving,-1.5025339,0.004129673913043477,Stable
CIV,Côte d’Ivoire,Sub-Saharan Africa,Lower middle income,-0.5301004,-0.026040600000000004,Declining,-0.4891341999999999,-0.03290819130434782,Declining,-1.0134615,-0.04240026086956522,Declining,-0.5998994999999999,0.0089759347826087,Stable,-0.3160613,0.019697995652173915,Improving,-0.4642219999999999,0.020715173913043484,Improving
CMR,Cameroon,Sub-Saharan Africa,Lower middle income,-1.1336941,0.0025475391304347786,Stable,-0.7379684,0.0030463086956521736,Stable,-1.6172731,-0.023368373913043482,Declining,-1.1892427,0.008184230434782606,Stable,-0.7732119,0.029774000000000005,Improving,-1.2525607,0.00834644782608695,Stable
COD,"Congo, Dem. Rep.",Sub-Saharan Africa,Low income,-1.5570273,0.01178291304347826,Improving,-1.57826,0.002878230434782602,Stable,-1.6467983,0.04459118695652175,Improving,-1.649235,0.00453588260869565,Stable,-1.3641956,0.030018378260869567,Improving,-1.1787403,0.03337387391304348,Improving
COG,"Congo, Rep.",Sub-Saharan Africa,Lower middle income,-1.4947169,-0.0325865347826087,Declining,-0.9420603,0.015878421739130434,Improving,-0.5963817,0.05726580434782609,Improving,-1.2224066999999998,-0.013491508695652169,Declining,-1.2153336,0.012032547826086962,Improving,-1.2846968,-0.016322004347826092,Declining
COL,Colombia,Latin America & Caribbean,Upper middle income,-0.272275,0.010542495652173913,Improving,-0.0738128,-0.0009118043478260868,Stable,-0.9052968,0.047770595652173925,Improving,-0.4527570999999999,0.018124491304347828,Improving,0.2323351,0.023155391304347826,Improving,0.0805217999999999,0.030240413043478253,Improving
COM,Comoros,Sub-Saharan Africa,Lower middle income,-1.2697513,-0.0157362347826087,Declining,-1.3431514999999998,0.02083357391304349,Improving,-0.4550338,-0.017585156521739132,Declining,-0.981524,0.003510508695652175,Stable,-1.2136277,0.016881373913043476,Improving,-1.1947881,-0.02665057826086957,Declining
CPV,Cabo Verde,Sub-Saharan Africa,Upper middle income,0.8894291999999999,0.0016323913043478234,Stable,0.383949,0.040352494117647054,Improving,0.8393375,-0.011399230434782607,Declining,0.7683293999999999,-0.013841656521739134,Declining,-0.054116,0.01971912608695652,Improving,0.8082604,-0.001764760869565215,Stable
CRI,Costa Rica,Latin America & Caribbean,High income,0.7249661,-0.010203439130434784,Declining,0.3043656999999999,0.014265304347826082,Improving,0.6261253999999999,-0.004658978260869565,Stable,0.5808637,0.0025841565217391317,Stable,0.6689887,0.02043752173913044,Improving,1.1972153,0.0042268086956521785,Stable
CUB,Cuba,Latin America & Caribbean,Upper middle income,-0.1433557,-0.00475674347826087,Stable,-0.1082032,0.04089816521739131,Improving,0.6592456999999999,0.017410717391304346,Improving,-0.7580682,0.01440443043478261,Improving,-1.2243427,0.004625113043478264,Stable,-1.1895935,0.009197560869565222,Stable
CYM,Cayman Islands,Latin America & Caribbean,High income,0.6054315,-0.032921295652173915,Declining,1.1174627,-0.029320256521739137,Declining,1.275357,0.024729195652173918,Improving,0.7833496,-0.023221291304347826,Declining,1.0799235,-0.006944056521739128,Stable,0.5232038,-0.04122756956521739,Declining
CYP,Cyprus,Europe & Central Asia,High income,0.6807343,-0.0374301347826087,Declining,0.9974556,-0.007875699999999998,Stable,0.7399068999999999,0.009574169565217389,Stable,0.8580536999999999,-6.620000000000176e-05,Stable,1.0395499,0.005970321739130431,Stable,1.0941113,0.002694852173913042,Stable
CZE,Czechia,Europe & Central Asia,High income,0.6034081,-0.008908013043478257,Stable,0.971418,0.013566447826086958,Improving,1.0363667,-0.0029562826086956505,Stable,1.116394,0.013834708695652181,Improving,1.1215213,0.02875674782608695,Improving,0.8885219999999999,-0.004184930434782611,Stable
DEU,Germany,Europe & Central Asia,High income,1.8768449,-0.00700684347826087,Stable,1.8881241,0.004784917391304349,Stable,0.7271723,-0.02394106956521739,Declining,1.7076622,0.00045920434782608727,Stable,1.6651379,0.022172286956521736,Improving,1.5336755,-0.0029481260869565267,Stable
DJI,Djibouti,Middle East & North Africa,Lower middle income,-0.9286163,-0.013415426086956523,Declining,-0.6529552,0.02839395652173913,Improving,-0.3842768,0.01617534347826087,Improving,-1.0072723,-0.014241730434782607,Declining,-0.7729077999999999,0.006162169565217395,Stable,-1.2626714,-0.009667595652173918,Stable
DMA,Dominica,Latin America & Caribbean,Upper middle income,0.4981334999999999,-0.01723707826086957,Declining,-0.4563017,-0.05284849565217391,Declining,0.9867091,0.01217928695652174,Improving,0.6025771999999999,-0.00788664782608696,Stable,0.1189288,-0.02556173913043478,Declining,0.4072503999999999,-0.028485743478260876,Declining
DNK,Denmark,Europe & Central Asia,High income,2.1562325,-0.008679373913043463,Stable,1.9444854,0.007184908695652176,Stable,0.8984987,-0.023500799999999992,Declining,2.0201937,0.0067838043478260866,Stable,1.9335346,0.018138439130434784,Improving,1.7878967,0.005938956521739128,Stable
DOM,Dominican Republic,Latin America & Caribbean,Upper middle income,-0.8021284999999999,-0.027492673913043476,Declining,-0.2994856999999999,0.00015121739130435184,Stable,0.0515230999999999,0.010685713043478252,Improving,-0.4801078,0.005201634782608696,Stable,-0.1017681,0.019908173913043475,Improving,0.0033897999999999,0.00976147826086956,Stable
DZA,Algeria,Middle East & North Africa,Upper middle income,-0.6205459999999999,0.00044246521739130603,Stable,-0.315897,0.018815704347826086,Improving,-1.0625274999999998,0.042279213043478266,Improving,-0.8457302999999999,0.0043535434782608715,Stable,-1.1291834,-0.01001664782608696,Declining,-1.0557838,0.00407345217391305,Stable
ECU,Ecuador,Latin America & Caribbean,Upper middle income,-0.5273627,0.0002267173913043483,Stable,-0.1952962999999999,0.027648865217391308,Improving,-0.209832,0.028929299999999998,Improving,-0.6485634,-0.01058235652173913,Declining,-0.7315769999999999,-0.01028472608695652,Declining,-0.1418141,0.0009262217391304345,Stable
EGY,"Egypt, Arab Rep.",Middle East & North Africa,Lower middle income,-0.6521091999999999,-0.015727799999999997,Declining,-0.1186416999999999,-0.008307686956521735,Stable,-1.1969208999999998,-0.017763939130434777,Declining,-0.7493879999999999,-0.03326849999999999,Declining,-0.7028437,-0.016312347826086954,Declining,-1.5713115,-0.018443265217391303,Declining
ERI,Eritrea,Sub-Saharan Africa,Low income,-1.4238042,-0.08364456086956522,Declining,-1.4628029,-0.006816813043478263,Stable,-0.9764301,0.03124808695652173,Improving,-1.6886873,-0.040449939130434785,Declining,-1.9646637,-0.023493934782608698,Declining,-2.1503856,-0.02763583478260869,Declining
ESP,Spain,Europe & Central Asia,High income,0.8202611,-0.030032047826086955,Declining,1.118598,-0.01076510869565217,Declining,0.267048,0.0032832173913043524,Stable,1.0955949,-0.009394708695652171,Stable,0.9446573,0.0023903347826086966,Stable,1.0931769999999998,-0.006154834782608703,Stable
EST,Estonia,Europe & Central Asia,High income,1.52358,0.04511524782608695,Improving,1.1953645,0.03558926521739131,Improving,0.8235861999999999,0.0034017782608695628,Stable,1.5061563,0.036210669565217395,Improving,1.5431575,0.03092672608695652,Improving,1.4094654,0.02064116956521739,Improving
FIN,Finland,Europe & Central Asia,High income,2.1845876,-0.007844178260869564,Stable,2.1491065,0.02099026956521739,Improving,0.9978349,-0.024301782608695657,Declining,2.1086885,0.007813682608695648,Stable,1.9937531,0.032126365217391296,Improving,1.8337714,0.008521526086956522,Stable
FJI,Fiji,East Asia & Pacific,Upper middle income,0.6824056,0.005789126086956519,Stable,1.1141072,0.03787830434782609,Improving,0.6881602,-0.004885773913043475,Stable,0.0630039999999999,-0.010356060869565222,Declining,0.152716,0.01848644347826087,Improving,0.0019276,-0.0024133652173913044,Stable
FRA,France,Europe & Central Asia,High income,1.3620502,-0.0020026434782608603,Stable,1.4821333,-0.0019035695652173837,Stable,0.2040672,-0.026728704347826086,Declining,1.1849149,-0.010123465217391303,Declining,1.4571643,0.03205974782608696,Improving,1.1253167,-0.00765107391304348,Stable
FSM,"Micronesia, Fed. Sts.",East Asia & Pacific,Lower middle income,0.7791,0.03290617333333334,Improving,0.0007813,0.009912346666666667,Stable,1.009383,0.03358294375,Improving,0.2217998,-0.029654626086956522,Declining,-0.8495212,-0.06696226666666667,Declining,1.0303454,-0.00519713478260869,Stable
GAB,Gabon,Sub-Saharan Africa,Upper middle income,-0.8194499,0.011561130434782607,Improving,-0.7880906,-0.019801708695652172,Declining,-0.2805716,-0.009402130434782607,Stable,-0.8658418999999999,-0.008335573913043477,Stable,-0.8766721,-0.01904607391304348,Declining,-0.9184107,0.0008095739130434772,Stable
GBR,United Kingdom,Europe & Central Asia,High income,1.7674284999999998,-0.012312682608695658,Declining,1.3966716,-0.011426169565217388,Declining,0.5681497,-0.021023517391304345,Declining,1.4384751999999998,-0.009400639130434787,Stable,1.7134916999999998,-0.000858621739130437,Stable,1.3077601,-0.0011477565217391276,Stable
GEO,Georgia,Europe & Central Asia,Upper middle income,0.8436252,0.10182911304347826,Improving,0.511363,0.07901648695652173,Improving,-0.134771,0.08158573043478262,Improving,0.2144371,0.06113502608695653,Improving,0.8781481999999999,0.08283735652173914,Improving,0.1539206,0.035272899999999996,Improving
GHA,Ghana,Sub-Saharan Africa,Lower middle income,-0.0994456,0.0050182869565217345,Stable,-0.0546834,-0.0009667304347826086,Stable,0.0133996999999999,0.02708457391304347,Improving,0.1177125,0.01768199565217391,Improving,-0.1935344,0.019502286956521737,Improving,0.3201061,0.029968904347826085,Improving
GIN,Guinea,Sub-Saharan Africa,Lower middle income,-0.9231457,-0.01472267391304348,Declining,-0.6765097,0.0274241,Improving,-0.8578817999999999,0.0052366043478260915,Stable,-1.0832138999999998,0.005799104347826094,Stable,-0.7927742999999999,0.00644988695652174,Stable,-0.8204037,0.029920952173913044,Improving
GMB,"Gambia, The",Sub-Saharan Africa,Low income,-0.3416671,-0.0028580695652173915,Stable,-0.5361521,0.002180699999999997,Stable,0.0678807,-0.013852247826086956,Declining,-0.4430566999999999,-0.03275625652173912,Declining,-0.6967552,0.02192556086956521,Improving,-0.3337986,0.048395321739130436,Improving
GNB,Guinea-Bissau,Sub-Saharan Africa,Low income,-1.5280722999999998,-0.02251085652173913,Declining,-1.2804308,0.0011666608695652175,Stable,-0.4638332,0.05733469999999999,Improving,-1.1439271,0.03187167826086957,Improving,-1.2519804,0.0043692304347826075,Stable,-0.6333624,0.015365656521739133,Improving
GNQ,Equatorial Guinea,Sub-Saharan Africa,Upper middle income,-1.5178173,-0.004456517391304347,Stable,-1.009579,0.015315426086956525,Improving,-0.3400881,-0.00613187826086957,Stable,-1.58846,-0.004380499999999995,Stable,-1.443702,0.010211643478260868,Improving,-1.707428,0.006571221739130437,Stable
GRC,Greece,Europe & Central Asia,High income,0.3040548,-0.017406530434782606,Declining,0.4589741,-0.0021301869565217386,Stable,0.2789347,-0.016283295652173912,Declining,0.3838302,-0.026505378260869565,Declining,0.4186735,0.0022843739130434778,Stable,0.7342913,-0.01266902608695652,Declining
GRD,Grenada,Latin America & Caribbean,Upper middle income,0.3780138999999999,-0.022459669565217392,Declining,-0.0931857,-0.03706084347826087,Declining,0.9169085,0.009810934782608695,Stable,0.3905346999999999,-0.00012396956521739134,Stable,-0.1308406,-0.020978152173913044,Declining,0.3676888,-0.012299243478260872,Declining
GRL,Greenland,Europe & Central Asia,High income,1.1137491,0.008817260000000004,Stable,0.4862706,0.0023276700000000095,Stable,1.7589045,0.027378030000000008,Improving,1.6279960999999998,0.00029684999999999293,Stable,1.5112915999999998,0.00031846999999998184,Stable,1.4172559,-0.0003985499999999975,Stable
GTM,Guatemala,Latin America & Caribbean,Upper middle income,-1.0038569,-0.009829199999999996,Stable,-0.7779290999999999,0.007263917391304353,Stable,-0.6944184,0.03171035217391305,Improving,-1.0056597,0.0030642347826086917,Stable,-0.4231477999999999,0.004260882608695656,Stable,-0.3397201999999999,0.008517391304347829,Stable
GUM,Guam,East Asia & Pacific,High income,1.1784788,0.05701003333333333,Improving,0.7699022999999999,0.03337253333333333,Improving,0.9450797,0.04155788666666667,Improving,1.4239573,0.050339026666666675,Improving,-0.0709177,-0.030363320000000003,Declining,1.1536426,0.05455536666666667,Improving
GUY,Guyana,Latin America & Caribbean,High income,-0.2410317,-0.0066685391304347865,Stable,-0.0844712,0.0071583347826086954,Stable,-0.0594026999999999,0.01795568260869565,Improving,-0.4402673,-0.017888352173913043,Declining,-0.5433513,0.002222147826086955,Stable,0.0413674,-0.004463147826086956,Stable
HKG,"Hong Kong SAR, China",East Asia & Pacific,High income,1.7391529,0.015003395652173915,Improving,1.888806,0.012725339130434778,Improving,-0.1843167,-0.04002050869565217,Declining,1.3356624,0.01411010434782608,Improving,2.0347741,0.028872113043478257,Improving,0.3649501,-0.009889439130434784,Stable
HND,Honduras,Latin America & Caribbean,Lower middle income,-1.0582406,0.0019069565217391309,Stable,-0.5125275,0.029027652173913038,Improving,-0.8271375999999999,-0.009316043478260866,Stable,-1.0765301,-0.006187391304347828,Stable,-0.5191215,0.0205206,Improving,-0.8093716,-0.01238166956521739,Declining
HRV,Croatia,Europe & Central Asia,High income,0.0249751,0.03272178260869565,Improving,0.4191078,0.03279581739130435,Improving,0.7476170999999999,0.041040117391304344,Improving,0.3100199999999999,0.04282315217391303,Improving,0.3847799999999999,0.02990683913043478,Improving,0.4375103999999999,0.04011066086956521,Improving
HTI,Haiti,Latin America & Caribbean,Lower middle income,-1.4624296,-0.021600395652173917,Declining,-1.8885565,-0.023249013043478265,Declining,-0.9509746,0.0022233217391304334,Stable,-1.1812778,0.009275773913043486,Stable,-1.2718629,0.007040952173913052,Stable,-0.8359679,-0.002803647826086958,Stable
HUN,Hungary,Europe & Central Asia,High income,0.084756,-0.03592522608695652,Declining,0.5238239,-0.012598495652173912,Declining,0.7326155999999999,-0.013368443478260866,Declining,0.3081108999999999,-0.024248595652173913,Declining,0.4598348,0.0006952391304347859,Stable,0.1344536,-0.03868251739130435,Declining
IDN,Indonesia,East Asia & Pacific,Upper middle income,-0.4278503999999999,0.01764435652173913,Improving,0.3122884999999999,0.024706521739130433,Improving,-0.5802685,0.030856082608695653,Improving,-0.1919729,0.014427991304347828,Improving,0.1109826999999999,0.007720191304347822,Stable,0.1137856999999999,0.06170994782608696,Improving
IND,India,South Asia,Lower middle income,-0.2183329,0.0020031130434782604,Stable,0.5054858,0.03262004347826087,Improving,-0.5904661999999999,0.016312095652173914,Improving,-0.0201063,-0.010373452173913039,Declining,-0.0981205,0.023500591304347822,Improving,0.1106301,-0.008819226086956521,Stable
IRL,Ireland,Europe & Central Asia,High income,1.5189367,-0.01591359565217391,Declining,1.3035565,-0.006957073913043479,Stable,0.9409046,-0.019678713043478256,Declining,1.5409912,0.0012322043478260867,Stable,1.5832688,0.010580191304347827,Improving,1.4455034,0.005295426086956521,Stable
IRN,"Iran, Islamic Rep.",Middle East & North Africa,Upper middle income,-0.9919553,-0.024036391304347825,Declining,-0.4172702,-0.006396982608695652,Stable,-1.2556127,-0.04557045652173913,Declining,-1.0537229,-0.003672686956521734,Stable,-1.3605617,0.013732813043478254,Improving,-1.3844278,-0.009789939130434789,Stable
IRQ,Iraq,Middle East & North Africa,Upper middle income,-1.4433306,0.007733865217391307,Stable,-1.1066349,0.031209173913043477,Improving,-2.2227253,-0.033165069565217385,Declining,-1.37408,0.010588086956521746,Improving,-1.1604354,0.03762310869565217,Improving,-0.9340251,0.04977612173913043,Improving
ISL,Iceland,Europe & Central Asia,High income,1.8260874,0.001118869565217388,Stable,1.5796502,0.012274895652173908,Improving,1.556416,0.0031723652173913063,Stable,1.7467004,0.0073546173913043465,Stable,1.5164097,0.034848300000000006,Improving,1.4945189,0.0015384304347826193,Stable
ISR,Israel,Middle East & North Africa,High income,0.8011548,-0.037668186956521736,Declining,1.5693245,0.00901494782608696,Stable,-0.4361137,0.023561660869565217,Improving,0.9491335,-0.010080269565217391,Declining,1.2416535,0.02341410434782609,Improving,0.5086626,-0.0020855173913043494,Stable
ITA,Italy,Europe & Central Asia,High income,0.2828801999999999,-0.017942652173913047,Declining,0.4586097999999999,-0.011704739130434787,Declining,0.3223325999999999,-0.03475209130434783,Declining,0.529631,-0.017258873913043482,Declining,0.7011105,0.007430795652173913,Stable,0.8941526999999999,-0.004546013043478265,Stable
JAM,Jamaica,Latin America & Caribbean,Upper middle income,-0.0636837,-0.007657469565217391,Stable,0.5016204,0.023220391304347828,Improving,0.179033,0.02269884782608695,Improving,-0.1704977,-0.00019161739130434783,Stable,0.1355129,0.002985669565217391,Stable,0.5043883,0.010568947826086958,Improving
JOR,Jordan,Middle East & North Africa,Lower middle income,0.0894230999999999,-0.003335108695652178,Stable,0.011123,-0.008252882608695652,Stable,-0.2846298,-0.0015293260869565215,Stable,0.1365134,-0.0040658869565217345,Stable,0.159713,0.02250056956521739,Improving,-0.6407531,-0.004085760869565218,Stable
JPN,Japan,East Asia & Pacific,High income,1.4335295,0.00990117391304347,Stable,1.8365282,0.030939260869565225,Improving,1.1161393,-0.008995378260869564,Stable,1.5119949,0.005445817391304351,Stable,1.3886549,0.04419712173913043,Improving,1.0775489,-0.0006874695652173932,Stable
KAZ,Kazakhstan,Europe & Central Asia,Upper middle income,-0.207193,0.045009443478260865,Improving,0.0590993,0.0617797,Improving,-0.2210639999999999,0.005723852173913047,Stable,-0.4309701999999999,0.04301216956521738,Improving,0.1127249999999999,0.033942330434782605,Improving,-0.9427464,0.01524274782608696,Improving
KEN,Kenya,Sub-Saharan Africa,Lower middle income,-0.8096112999999999,0.009127226086956524,Stable,-0.2914418,-0.0009261826086956519,Stable,-1.0751672,0.0050461391304347765,Stable,-0.5590088999999999,0.01379165652173913,Improving,-0.3436142,0.014845982608695654,Improving,-0.5001327999999999,0.030413991304347826,Improving
KGZ,Kyrgyz Republic,Europe & Central Asia,Lower middle income,-0.9826685,-0.0043487043478260875,Stable,-0.6704150999999999,-0.01726146956521739,Declining,-0.2068191999999999,0.012199800000000002,Improving,-0.7384495999999999,0.004702269565217393,Stable,-0.4211895,0.011102104347826084,Improving,-0.3956981,0.022380660869565215,Improving
KHM,Cambodia,East Asia & Pacific,Lower middle income,-1.3389044,-0.018897743478260873,Declining,-0.5152334,0.023129126086956525,Improving,-0.1935314,0.048647356521739134,Improving,-1.1306816,0.005150982608695654,Stable,-0.6492291,-0.013110869565217396,Declining,-1.4922674,-0.014462865217391301,Declining
KIR,Kiribati,East Asia & Pacific,Lower middle income,0.3505034999999999,-0.005752513333333338,Stable,-0.2735345999999999,-0.0028124800000000004,Stable,1.0992501,0.009239668749999992,Stable,0.5835214,-0.013927600000000002,Declining,-0.5049386,-0.002850026666666668,Stable,0.8833991999999999,-0.013579152173913044,Declining
KNA,St. Kitts and Nevis,Latin America & Caribbean,High income,0.324202,0.011570813333333334,Improving,0.7699022999999999,0.03664084,Improving,0.6646782,-0.017921075,Declining,0.633226,-0.01176653043478261,Declining,0.4780259999999999,0.027972373333333335,Improving,0.4247828999999999,-0.026875495652173925,Declining
KOR,"Korea, Rep.",East Asia & Pacific,High income,0.6133176,-0.0004535608695652147,Stable,1.6276354,0.040514552173913046,Improving,0.8544820999999999,0.008572321739130435,Stable,1.1105361,0.014147639130434786,Improving,0.9120155,0.030515043478260874,Improving,0.8843808,0.012359678260869564,Improving
KWT,Kuwait,Middle East & North Africa,High income,-0.1345999,-0.03533813913043478,Declining,-0.1122756999999999,-0.00476150869565217,Stable,0.2460837,-0.0036709695652173907,Stable,0.0662246,-0.03133547391304348,Declining,0.1059595,0.009657899999999995,Stable,-0.4179028999999999,-0.006161591304347822,Stable
LAO,Lao PDR,East Asia & Pacific,Lower middle income,-1.1050142,-0.016284647826086962,Declining,-0.7571517999999999,0.0014155217391304373,Stable,0.3582008,0.01401221304347826,Improving,-0.9442456,0.012138121739130436,Improving,-0.7206627999999999,0.02913161739130435,Improving,-1.4478452,-0.0071098608695652115,Stable
LBN,Lebanon,Middle East & North Africa,Lower middle income,-1.2286796,-0.02589958695652174,Declining,-0.6222753,-0.015173878260869567,Declining,-1.3398887,-0.027327226086956518,Declining,-0.8604448,-0.02732111739130435,Declining,-0.5611682,-0.004742469565217393,Stable,-0.6164535,0.004946556521739128,Stable
LBR,Liberia,Sub-Saharan Africa,Low income,-0.9910994,0.021883369565217387,Improving,-1.2862251,0.03226063913043478,Improving,-0.2571938,0.10109622608695652,Improving,-0.8706655999999999,0.05591227391304347,Improving,-0.9351647,0.06399334347826087,Improving,-0.2361706999999999,0.055676665217391307,Improving
LBY,Libya,Middle East & North Africa,Upper middle income,-1.5465395,-0.035608347826086954,Declining,-1.5537488,-0.020660878260869563,Declining,-2.2589597,-0.061466191304347835,Declining,-1.6213786,-0.015462452173913037,Declining,-2.0416816,-0.013720221739130442,Declining,-1.108952,0.02889143913043478,Improving
LCA,St. Lucia,Latin America & Caribbean,Upper middle income,0.4745650999999999,0.017690759999999993,Improving,0.3009664999999999,0.009673193333333328,Stable,0.8702888999999999,-0.003922173913043484,Stable,0.6668234,-0.01030577391304348,Declining,0.3463362,0.01573917333333334,Improving,0.5828907,-0.02199429565217392,Declining
LIE,Liechtenstein,Europe & Central Asia,High income,2.0203081,0.028595078260869555,Improving,1.7245932,0.019524873913043476,Improving,1.6431087,0.01708266086956522,Improving,1.6319229,0.01139464347826087,Improving,1.6571558,0.0027098782608695714,Stable,1.313823,-0.009918756521739125,Stable
LKA,Sri Lanka,South Asia,Lower middle income,-0.1639347,-0.011076360869565217,Declining,-0.0713311,0.010070982608695654,Improving,-0.1737980999999999,0.07468459130434782,Improving,-0.0781005999999999,-0.008630039130434775,Stable,-0.186002,0.004107134782608696,Stable,-0.1819405,0.006933008695652172,Stable
LSO,Lesotho,Sub-Saharan Africa,Lower middle income,-0.0282232,0.009969104347826085,Stable,-0.6744181,-0.039883665217391305,Declining,-0.2879800999999999,-0.00825444347826087,Stable,-0.3415732999999999,-0.01916527826086956,Declining,-0.5508683,0.0014463782608695643,Stable,-0.1629566999999999,-0.00034393478260869145,Stable
LTU,Lithuania,Europe & Central Asia,High income,0.7581203999999999,0.013486482608695649,Improving,0.8510012,0.03789420434782609,Improving,0.9825192,0.0180231347826087,Improving,1.0578671,0.028373865217391308,Improving,0.9756202,0.01581534782608696,Improving,1.0715599,0.010306791304347829,Improving
LUX,Luxembourg,Europe & Central Asia,High income,2.2590117,0.0002750739130434694,Stable,1.9821714,0.007289556521739132,Stable,1.3055593,-0.006937599999999993,Stable,1.8431648,0.00597370000000001,Stable,1.7336486,0.01650826521739131,Improving,1.6112736,0.004842286956521746,Stable
LVA,Latvia,Europe & Central Asia,High income,0.6990995,0.04321197826086956,Improving,0.8291601,0.05422184782608696,Improving,0.6780506,0.0049703304347826095,Stable,0.8287289999999999,0.03329587391304348,Improving,1.0030074,0.01874658695652174,Improving,0.9135978,0.019334821739130436,Improving
MAC,"Macao SAR, China",East Asia & Pacific,High income,0.5743349999999999,0.006425373913043479,Stable,1.1174627,0.03802419565217391,Improving,1.1488191,0.042863286956521744,Improving,0.9063774,0.037588895652173916,Improving,1.527799,0.05113661304347825,Improving,0.5232038,0.016845760869565216,Improving
MAR,Morocco,Middle East & North Africa,Lower middle income,-0.4256593999999999,-0.0139398652173913,Declining,-0.1333028,-0.005675730434782608,Stable,-0.3903994999999999,7.710000000000385e-05,Stable,-0.3198643,-0.032877269565217394,Declining,0.0271992,0.016960708695652173,Improving,-0.6666584,-0.0003893260869565207,Stable
MCO,Monaco,Europe & Central Asia,High income,1.8025255,0.002490025000000007,Stable,1.8025173,0.0011965000000000447,Stable,1.5488693999999998,0.03734087499999999,Improving,1.5364829,0.027505508695652173,Improving,1.3498500999999998,0.0023764499999999744,Stable,0.8817819,-0.01085920869565217,Declining
MDA,Moldova,Europe & Central Asia,Upper middle income,-0.7732817,-0.026561926086956525,Declining,-0.2731316,0.019975708695652173,Improving,-0.1474608,-0.001829326086956526,Stable,-0.3747443,-0.013026200000000002,Declining,-0.1132727999999999,0.0051213000000000005,Stable,-0.1508752,-0.000379378260869569,Stable
MDG,Madagascar,Sub-Saharan Africa,Low income,-0.9256695,-0.042507565217391304,Declining,-0.867749,0.004448682608695653,Stable,-0.529453,-0.028605591304347824,Declining,-0.8395324,-0.023142199999999998,Declining,-0.8495415,0.016966830434782608,Improving,-0.534724,-0.01473868260869565,Declining
MDV,Maldives,South Asia,Upper middle income,-0.5207478999999999,-0.01629327391304348,Declining,0.0070406999999999,-0.03270317391304348,Declining,-0.0811059,-0.04799394782608696,Declining,-0.4837309999999999,-0.017567639130434784,Declining,-0.2257615999999999,-0.04826984782608695,Declining,-0.3286885,0.024882369565217388,Improving
MEX,Mexico,Latin America & Caribbean,Upper middle income,-0.8896518,-0.010064039130434781,Declining,-0.0086684999999999,0.017605860869565223,Improving,-0.8974274,-0.004166408695652174,Stable,-0.8760117,-0.008225117391304349,Stable,-0.0417639999999999,-0.009179499999999995,Stable,-0.0639434,-0.0013605999999999998,Stable
MHL,Marshall Islands,East Asia & Pacific,Upper middle income,0.3505034999999999,0.039988435714285696,Improving,-0.3332193,0.019817085714285716,Improving,1.1508696,0.012465887500000002,Improving,0.8478418,0.037759769565217385,Improving,-0.7972311999999999,-0.014148985714285713,Declining,0.9369232,-0.015238108695652173,Declining
MKD,North Macedonia,Europe & Central Asia,Upper middle income,-0.4600251999999999,0.0059570869565217415,Stable,-0.1182044,0.023113999999999996,Improving,0.0391431999999999,0.042029313043478254,Improving,-0.2862328,0.006955413043478259,Stable,0.1928119999999999,0.033403682608695646,Improving,-0.1170509,0.021826678260869568,Improving
MLI,Mali,Sub-Saharan Africa,Low income,-0.7719638,-0.011358295652173915,Declining,-1.0954319,0.011234665217391302,Improving,-2.0550073,-0.09975130434782609,Declining,-0.8086867,-0.0240773347826087,Declining,-0.6559592,0.009864569565217389,Stable,-0.5066704,-0.021681695652173913,Declining
MLT,Malta,Middle East & North Africa,High income,0.4163583999999999,-0.020651843478260875,Declining,0.9937489,-0.0003117217391304347,Stable,0.9193493,-0.016080513043478264,Declining,1.0185769999999998,0.002267017391304343,Stable,0.8271849,0.01614734347826087,Improving,1.112703,0.0022885043478260824,Stable
MMR,Myanmar,East Asia & Pacific,Lower middle income,-0.7649935,0.03143186956521739,Improving,-1.3177807,0.001360134782608696,Stable,-1.3625611,0.005832391304347824,Stable,-1.1866977,0.013811426086956518,Improving,-0.8502984,0.04283952608695652,Improving,-0.9702642,0.051120543478260866,Improving
MNE,Montenegro,Europe & Central Asia,Upper middle income,-0.0626438,-0.003105209523809524,Stable,0.2001455999999999,0.005856876923076916,Stable,0.1956009,0.006096590476190476,Stable,0.0784686,0.01672670476190476,Improving,0.2943513,0.05047821538461538,Improving,0.0915887,0.028092957142857138,Improving
MNG,Mongolia,East Asia & Pacific,Upper middle income,-0.6152153,-0.03753880434782609,Declining,-0.3385736,0.01077106956521739,Improving,0.7382926,0.004132204347826086,Stable,-0.2038322,-0.019173,Declining,-0.0663774999999999,0.01874217826086957,Improving,0.1580404,-0.008754304347826083,Stable
MOZ,Mozambique,Sub-Saharan Africa,Low income,-0.8757647,-0.02842385652173913,Declining,-0.6500467999999999,-0.025424960869565215,Declining,-0.8295224,-0.033242352173913046,Declining,-0.9656024,-0.0109175,Declining,-0.7252116,0.004538156521739128,Stable,-0.71209,-0.01715904347826087,Declining
MRT,Mauritania,Sub-Saharan Africa,Lower middle income,-0.9810075,-0.01840934347826087,Declining,-0.8240740999999999,-0.023942295652173907,Declining,-0.645438,-0.02988761739130435,Declining,-0.7821412,-0.009710556521739128,Stable,-0.7614288,-0.005325973913043482,Stable,-0.8727345,0.002965617391304351,Stable
MUS,Mauritius,Sub-Saharan Africa,Upper middle income,0.3198001,-0.005971904347826088,Stable,0.8595784,0.016799352173913044,Improving,0.9291254,-0.0032339173913043455,Stable,0.8929961999999999,0.003808934782608691,Stable,0.9600603,0.034992286956521734,Improving,0.5288847,-0.010237104347826088,Declining
MWI,Malawi,Sub-Saharan Africa,Low income,-0.802321,-0.016890873913043475,Declining,-0.686037,0.008158465217391305,Stable,-0.2824512,0.014695760869565217,Improving,-0.3048007,0.0007894217391304359,Stable,-0.6631094,-0.003875691304347825,Stable,-0.2728638,-0.003610091304347826,Stable
MYS,Malaysia,East Asia & Pacific,Upper middle income,0.4609032999999999,0.0047416608695652175,Stable,0.8172716,0.0019200217391304368,Stable,0.1608891999999999,-0.009386382608695657,Stable,0.3389272,-0.007192591304347824,Stable,0.7557539999999999,0.012842500000000001,Improving,-0.0505939,0.02416331304347826,Improving
NAM,Namibia,Sub-Saharan Africa,Lower middle income,0.4318791999999999,-0.02113343913043479,Declining,0.2867850999999999,-0.025722121739130438,Declining,0.5859149,-0.007850834782608696,Stable,0.1859133999999999,-0.01329794782608696,Declining,0.1209404999999999,0.005313765217391296,Stable,0.3782960999999999,0.0029708043478260827,Stable
NCL,New Caledonia,East Asia & Pacific,High income,,,Stable,,,Stable,1.0596771,0.06435240000000009,Improving,1.0556694,0.061936800000000014,Improving,,,Stable,1.0294099,0.5109145000000002,Improving
NER,Niger,Sub-Saharan Africa,Low income,-0.4388367999999999,0.015024100000000004,Improving,-0.6646514,0.027939678260869565,Improving,-1.1901488999999998,-0.032892043478260864,Declining,-0.5391518,0.006574904347826087,Stable,-0.6452363,0.0401877,Improving,-0.526837,0.044870895652173906,Improving
NGA,Nigeria,Sub-Saharan Africa,Lower middle income,-1.1258494,0.001568000000000004,Stable,-0.9678483,0.004813056521739129,Stable,-1.9732073,-0.027760321739130445,Declining,-0.8377059,0.012937513043478257,Improving,-0.8646096999999999,0.00905485652173913,Stable,-0.6028496,0.04199499130434783,Improving
NIC,Nicaragua,Latin America & Caribbean,Lower middle income,-1.2048569,-0.03110517391304348,Declining,-0.7436807,0.02022722173913043,Improving,-0.9448045,-0.011692252173913047,Declining,-1.3334159,-0.03163962608695653,Declining,-0.6516936,0.0049695217391304315,Stable,-1.189809,-0.045199469565217386,Declining
NLD,Netherlands,Europe & Central Asia,High income,1.9497836,-0.013080173913043483,Declining,2.0639557,0.005824582608695657,Stable,0.6985452,-0.03948473913043478,Declining,1.843311,0.005054347826086955,Stable,1.8629208,0.013108634782608694,Improving,1.7262784999999998,0.0037477826086956484,Stable
NOR,Norway,Europe & Central Asia,High income,2.0603725,-0.007627343478260869,Stable,1.9446493,0.0020733739130434758,Stable,1.0766478,-0.021492786956521733,Declining,2.0322989,0.004498513043478249,Stable,1.7665668,0.017800030434782618,Improving,1.9498022,0.01226583913043478,Improving
NPL,Nepal,South Asia,Lower middle income,-0.7367895,-0.009283139130434784,Stable,-1.1116758,-0.013998565217391304,Declining,-0.4056357,0.0037018652173913006,Stable,-0.4127847,-0.01860357391304348,Declining,-0.5734193,0.0028483521739130417,Stable,-0.1752100999999999,0.00951736521739131,Stable
NRU,Nauru,East Asia & Pacific,High income,0.4480263,0.05379682499999999,Improving,-0.0410247,0.03661467499999999,Improving,0.7595803999999999,-0.011989687500000006,Declining,0.2134606,-0.0300172,Declining,-0.3487870999999999,0.03169260833333334,Improving,0.4258567,-0.024968639130434785,Declining
NZL,New Zealand,East Asia & Pacific,High income,2.1526849,-0.008232382608695642,Stable,1.6838138,-0.01306979565217391,Declining,1.3883858999999998,-0.00031585217391304633,Stable,1.7838001,-0.0020515913043478197,Stable,1.970839,0.013016126086956521,Improving,1.748734,0.00895865217391304,Stable
OMN,Oman,Middle East & North Africa,High income,0.1612578999999999,-0.014833869565217395,Declining,0.2040480999999999,-0.002769830434782613,Stable,0.5167644,-0.01614070869565217,Declining,0.260692,-0.011273643478260868,Declining,0.5010361,0.02870195217391304,Improving,-0.710401,0.016528426086956528,Improving
PAK,Pakistan,South Asia,Lower middle income,-0.9714617,0.00804382173913044,Stable,-0.4968027,0.001906613043478261,Stable,-1.9293422,-0.022161447826086957,Declining,-0.8122676,-0.015462178260869566,Declining,-0.6202662999999999,0.0007722869565217423,Stable,-0.9036869,0.003090960869565217,Stable
PAN,Panama,Latin America & Caribbean,High income,-0.5437065999999999,-0.009527260869565218,Stable,0.4971964,0.03727674347826087,Improving,0.399288,0.013173886956521738,Improving,-0.2786019,-0.0027710565217391315,Stable,0.3190176,0.006171869565217392,Stable,0.5255263,0.018437673913043483,Improving
PER,Peru,Latin America & Caribbean,Upper middle income,-0.490189,-0.0030025913043478262,Stable,0.0476235,0.02183308695652174,Improving,-0.0888854999999999,0.04246309565217392,Improving,-0.4564383999999999,0.007455613043478265,Stable,0.3449804999999999,0.0001186434782608661,Stable,0.3431757,0.041472769565217386,Improving
PHL,Philippines,East Asia & Pacific,Lower middle income,-0.6111557,-0.011144891304347825,Declining,0.1818096,0.015201795652173913,Improving,-1.0094929,-0.017262760869565217,Declining,-0.647098,-0.027269465217391303,Declining,0.0586419,0.0030839869565217394,Stable,-0.1868756999999999,-0.008263669565217386,Stable
PLW,Palau,East Asia & Pacific,High income,0.4480263,0.057967536363636364,Improving,0.0124256,0.04341179999999999,Improving,1.1436032,0.012011737500000001,Improving,1.1592619,0.01110459565217391,Improving,0.4054877,0.10390222727272726,Improving,1.0422789,-0.0038810782608695664,Stable
PNG,Papua New Guinea,East Asia & Pacific,Lower middle income,-0.9871229,-0.028698621739130438,Declining,-0.7267308,-0.01985179130434783,Declining,-0.7991969999999999,-0.0047284869565217364,Stable,-0.7140866,-0.010220391304347827,Declining,-0.5079956,0.011823530434782608,Improving,-0.0745731,0.0035933434782608694,Stable
POL,Poland,Europe & Central Asia,High income,0.7162582,-0.005490069565217393,Stable,0.6631417,-0.0014028304347826106,Stable,0.6735951,-0.003649082608695651,Stable,0.5263759,-0.005685034782608694,Stable,0.8277445999999999,0.02239178260869565,Improving,0.5057092,-0.026247526086956522,Declining
PRI,Puerto Rico (U.S.),Latin America & Caribbean,High income,0.2828827,-0.006246465217391301,Stable,-0.2281626,-0.06537755217391304,Declining,0.1081481,-0.002383278260869561,Stable,0.5146832,-0.012717978260869565,Declining,0.7830977,-0.012127952173913043,Declining,0.6500146,-0.017381013043478263,Declining
PRK,"Korea, Dem. People's Rep.",East Asia & Pacific,Low income,-1.5773982,-0.012389100000000004,Declining,-1.2531349,0.031674769565217385,Improving,-0.1870360999999999,-0.007322482608695648,Stable,-1.7136635,-0.030813017391304348,Declining,-2.0261356,0.01580730869565218,Improving,-1.9665656,0.002724882608695653,Stable
PRT,Portugal,Europe & Central Asia,High income,0.7971214999999999,-0.03388624347826088,Declining,1.0136875,0.012670830434782614,Improving,0.9941251,-0.014956891304347823,Declining,1.1165505,-0.00611327391304348,Stable,0.9999205,0.002791708695652175,Stable,1.2118026,-0.012038656521739131,Declining
PRY,Paraguay,Latin America & Caribbean,Upper middle income,-0.8760395,0.01711402173913043,Improving,-0.4663941,0.01543618260869565,Improving,0.0355269,0.0377718347826087,Improving,-0.4294945,0.002862743478260869,Stable,-0.1606718,0.020908504347826085,Improving,-0.1070339999999999,0.0076174652173913076,Stable
PSE,West Bank and Gaza,Middle East & North Africa,Lower middle income,-0.3181336999999999,0.0013777043478260906,Stable,-0.4472111,0.03733935217391304,Improving,-1.523121,0.011034021739130435,Improving,-0.8515925999999999,-0.025232030434782605,Declining,-0.1491287,0.04772079999999999,Improving,-0.8673772999999999,-0.002546599999999998,Stable
PYF,French Polynesia,East Asia & Pacific,High income,,,Stable,,,Stable,0.9033343,0.0,Stable,0.8978003999999999,0.0,Stable,,,Stable,0.4985194,0.0,Stable
QAT,Qatar,Middle East & North Africa,High income,0.8776183999999999,0.03609390869565217,Improving,0.9423676,0.03075815217391304,Improving,0.882266,0.025035269565217396,Improving,0.4938622,0.022007804347826086,Improving,0.7893471,0.05061667391304347,Improving,-1.1913066,0.006934286956521738,Stable
ROU,Romania,Europe & Central Asia,High income,-0.1199219,0.00596231304347826,Stable,-0.1453557,0.03166634782608696,Improving,0.64527,0.006825647826086957,Stable,0.3667768999999999,0.0175381304347826,Improving,0.3572005,0.03387898695652174,Improving,0.491677,0.017343469565217394,Improving
RUS,Russian Federation,Europe & Central Asia,High income,-0.7696119,0.008731343478260867,Stable,0.0414379,0.03373694782608696,Improving,-0.3986491,0.04354529565217392,Improving,-0.8668178999999999,1.6121739130434978e-05,Stable,-0.3542324,0.012351252173913042,Improving,-0.9210517,-0.02240359130434783,Declining
RWA,Rwanda,Sub-Saharan Africa,Low income,0.4520132,0.054582313043478256,Improving,0.2289517999999999,0.06673773913043478,Improving,0.1216069999999999,0.09625011739130436,Improving,-0.14057,0.06012511304347825,Improving,0.1094639999999999,0.07400972608695651,Improving,-0.7025827,0.044666143478260874,Improving
SAU,Saudi Arabia,Middle East & North Africa,High income,0.2130275999999999,0.02586086956521738,Improving,0.2619249999999999,0.024560378260869563,Improving,-0.5528727,-0.010976434782608697,Declining,-0.1695694999999999,-0.01644015217391304,Declining,0.1793191999999999,0.02353630434782608,Improving,-1.5285316999999998,0.01882671304347827,Improving
SDN,Sudan,Sub-Saharan Africa,Low income,-1.471089,-0.006719630434782616,Stable,-1.4191967,-0.013383652173913048,Declining,-1.6553321,0.041961839130434775,Improving,-1.4223111,0.010327208695652174,Improving,-1.5295444,-0.0004786304347826173,Stable,-1.6898561,0.016628495652173912,Improving
SEN,Senegal,Sub-Saharan Africa,Lower middle income,-0.0003286999999999,0.0017834173913043522,Stable,0.1244276999999999,0.018582234782608693,Improving,0.0630715999999999,0.03709218695652173,Improving,-0.111789,-0.0011480739130434784,Stable,-0.2066424,0.0013408304347826041,Stable,0.0547521,0.007032669565217386,Stable
SGP,Singapore,East Asia & Pacific,High income,2.1188705,0.006984743478260864,Stable,2.2442216,0.00045913478260868433,Stable,1.2580714,0.0038094478260869567,Stable,1.5263702,0.004562317391304344,Stable,2.1809946,0.013782600000000002,Improving,0.1894806,-0.004623826086956522,Stable
SLB,Solomon Islands,East Asia & Pacific,Lower middle income,0.0004546,-0.018075630434782605,Declining,-0.9726212,0.006210833333333329,Stable,0.4195676,-0.012814908695652173,Declining,-0.0826312,-0.03893741304347826,Declining,-0.7506683,0.016167626666666667,Improving,0.279918,-0.011985647826086958,Declining
SLE,Sierra Leone,Sub-Saharan Africa,Low income,-0.5128984999999999,0.005821908695652177,Stable,-1.043917,0.02611053478260869,Improving,-0.1611098,0.08211613043478262,Improving,-0.7819421999999999,0.019837478260869568,Improving,-0.8912399999999999,0.042030304347826085,Improving,-0.3193403999999999,0.018505439130434783,Improving
SLV,El Salvador,Latin America & Caribbean,Upper middle income,-0.5208324,0.01566607391304348,Improving,-0.3446971,0.03320778695652173,Improving,-0.2138062,0.008870034782608695,Stable,-0.7489712,0.004504108695652175,Stable,-0.0559227999999999,0.013797008695652178,Improving,-0.0355093,0.01785045217391304,Improving
SMR,San Marino,Europe & Central Asia,High income,1.1784788,0.002490025000000007,Stable,1.4583123999999998,0.0011964999999999337,Stable,1.2066983999999998,0.01595518749999999,Improving,1.6176246,0.031033408695652177,Improving,0.8762608,0.002376450000000002,Stable,1.1593688,-0.00875543913043478,Stable
SOM,Federal Republic of Somalia,Sub-Saharan Africa,Low income,-1.6343465,-0.0007871260869565148,Stable,-2.0111906,0.0007404000000000034,Stable,-2.0704895,0.03149883043478261,Improving,-2.2768909,0.001381552173913037,Stable,-1.9736596,0.04230329130434783,Improving,-1.6191136,0.02346260434782609,Improving
SRB,Serbia,Europe & Central Asia,Upper middle income,-0.3635548,0.02920145217391304,Improving,0.0665414,0.026399834782608694,Improving,0.0620767,0.060748882608695653,Improving,-0.0652981,0.04861165217391305,Improving,0.064278,0.06491944782608695,Improving,-0.1847773,0.051984595652173914,Improving
SSD,South Sudan,Sub-Saharan Africa,Low income,-1.8861426,-0.18577427777777777,Declining,-2.094822,-0.06481391250000004,Declining,-2.3911459,-0.10997200000000004,Declining,-1.8722859,-0.06584980000000001,Declining,-1.8807648,-0.037985337499999994,Declining,-2.035567,-0.10147396249999999,Declining
STP,São Tomé and Príncipe,Sub-Saharan Africa,Lower middle income,0.1759771,-0.007221243478260869,Stable,-0.4593399999999999,0.014363860869565221,Improving,0.5232443,-0.014028860869565216,Declining,-0.4874284,-0.028164556521739128,Declining,-0.8537092,-0.00607783043478261,Stable,0.1673346,-0.008440034782608696,Stable
SUR,Suriname,Latin America & Caribbean,Upper middle income,-0.281896,-0.028903791304347823,Declining,-0.1395824,0.02144743478260869,Improving,0.1321528,-0.009303673913043478,Stable,-0.2485919999999999,-0.006510704347826082,Stable,-0.6022128,0.020018539130434783,Improving,0.1343228,0.004900604347826087,Stable
SVK,Slovak Republic,Europe & Central Asia,High income,0.2499711999999999,-0.005136582608695653,Stable,0.4384096999999999,-0.0025568956521739173,Stable,0.6744971,-0.017072173913043477,Declining,0.3671757,0.004998621739130438,Stable,0.7272442,0.02811627391304348,Improving,0.8762439,0.010827204347826087,Improving
SVN,Slovenia,Europe & Central Asia,High income,0.848482,-0.022342226086956525,Declining,1.2721351,0.021649860869565222,Improving,0.9481029,-0.014755043478260867,Declining,0.9164028,-0.006084417391304347,Stable,0.8847727999999999,0.008292395652173911,Stable,1.0296094999999998,-0.010206439130434793,Declining
SWE,Sweden,Europe & Central Asia,High income,2.1292113,-0.015194804347826081,Declining,1.8924006,0.005848582608695653,Stable,0.9427192,-0.026504008695652174,Declining,1.8669616,0.005992508695652179,Stable,1.7778064999999998,0.025193304347826084,Improving,1.725429,0.002937600000000009,Stable
SWZ,Eswatini,Sub-Saharan Africa,Lower middle income,-0.2969784,-0.013837843478260867,Declining,-0.4962233,-0.009687913043478259,Stable,-0.3182636,-0.0024435043478260865,Stable,-0.5571124,-0.023981539130434784,Declining,-0.5229659,-0.0021053869565217423,Stable,-1.2554067,0.003483021739130437,Stable
SYC,Seychelles,Sub-Saharan Africa,High income,1.0734136,0.018840939130434785,Improving,0.5618506999999999,-0.008581000000000004,Stable,0.6921847999999999,-0.003409673913043481,Stable,0.4330134,-0.001127221739130435,Stable,0.2743209,0.0043591347826086955,Stable,0.3516215,0.016852947826086952,Improving
SYR,Syrian Arab Republic,Middle East & North Africa,Low income,-1.6558161,-0.040004478260869565,Declining,-1.5891645,-0.02220069130434783,Declining,-2.4527063,-0.08812879130434784,Declining,-1.8308474,-0.05536210434782609,Declining,-1.5966464,-0.023478839130434782,Declining,-1.9456788,-0.014570456521739128,Declining
TCD,Chad,Sub-Saharan Africa,Low income,-1.4780052,-0.008054734782608696,Stable,-1.26227,-0.020546139130434782,Declining,-1.4521212,-0.005548213043478252,Stable,-1.3211830999999998,-0.010242156521739123,Declining,-1.151166,0.005649169565217399,Stable,-1.3019227,-0.0014363043478260935,Stable
TGO,Togo,Sub-Saharan Africa,Low income,-0.7066703,0.0008814956521739142,Stable,-0.8320044999999999,0.006002791304347829,Stable,-0.8504632,-0.01930121739130435,Declining,-0.7029591,0.008092534782608697,Stable,-0.6211637,0.010463556521739126,Improving,-0.7303841,0.02093746521739131,Improving
THA,Thailand,East Asia & Pacific,Upper middle income,-0.3854632,-0.008784686956521744,Stable,0.1402125,-0.011542126086956516,Declining,-0.5885313999999999,-0.04560768695652174,Declining,-0.2002532,-0.03517662608695652,Declining,0.0906488,0.006441508695652174,Stable,-0.8092395,-0.03771642608695652,Declining
TJK,Tajikistan,Europe & Central Asia,Lower middle income,-1.2721994,0.0036742521739130396,Stable,-0.7757828999999999,0.023053621739130437,Improving,-0.4236664,0.08594280869565217,Improving,-1.2463947,0.02479488695652174,Improving,-0.8008822999999999,0.04528580869565217,Improving,-1.6188156,0.012189978260869563,Improving
TKM,Turkmenistan,Europe & Central Asia,Upper middle income,-1.362369,-0.019041108695652172,Declining,-0.8217713,0.02105412608695652,Improving,-0.2189823,-0.02697415217391304,Declining,-1.5949263,-0.0007877956521739205,Stable,-1.709228,0.01942118695652175,Improving,-2.0289129,-0.010700969565217388,Declining
TLS,Timor-Leste,East Asia & Pacific,Lower middle income,-0.4385967999999999,-0.02257462352941176,Declining,-0.7176481,-0.025795735294117647,Declining,0.2676531,0.001513657894736846,Stable,-0.7800298,-0.032308500000000004,Declining,-0.7789421999999999,0.03490754705882353,Improving,0.2983421,0.09156574782608695,Improving
TON,Tonga,East Asia & Pacific,Upper middle income,-0.4390652,-0.03569782666666666,Declining,0.2067245999999999,0.059800793333333324,Improving,1.0102973,0.0336400875,Improving,0.2370136,-0.028993156521739134,Declining,-0.2402021999999999,0.01958282666666667,Improving,0.679044,0.026564782608695648,Improving
TTO,Trinidad and Tobago,Latin America & Caribbean,High income,-0.2006209,-0.04559477391304347,Declining,0.2861217,0.012560117391304347,Improving,0.0986674999999999,-0.00244437826086957,Stable,-0.1378676999999999,-0.03882961739130435,Declining,-0.1061981999999999,-0.016700530434782604,Declining,0.4398827999999999,-0.011758943478260873,Declining
TUN,Tunisia,Middle East & North Africa,Lower middle income,-0.0286669999999999,0.01469317826086957,Improving,0.0551904,-0.020867065217391307,Declining,-0.5613583,-0.030413239130434783,Declining,-0.0268576999999999,0.009865539130434782,Stable,-0.143639,0.00013406956521738733,Stable,0.1076116999999999,0.04761112608695652,Improving
TUR,Türkiye,Europe & Central Asia,Upper middle income,-0.1801871,0.004725252173913045,Stable,0.2099076,0.0028909086956521784,Stable,-1.1924541,-0.010357521739130434,Declining,-0.5970473,-0.020399586956521738,Declining,-0.0157501,0.005193756521739131,Stable,-0.9058771,-0.026071295652173917,Declining
TUV,Tuvalu,East Asia & Pacific,Upper middle income,0.3922740999999999,-0.018096220000000007,Declining,-0.5678253,0.010945586666666667,Improving,1.1436032,0.012011737500000001,Improving,0.8573468,-0.002022147826086958,Stable,-0.5897831,-0.017117033333333333,Declining,1.142705,-0.009479952173913035,Stable
TWN,"Taiwan, China",East Asia & Pacific,High income,1.1520551,0.016722930434782617,Improving,1.5089236,0.024347739130434778,Improving,1.0164038,-0.004334917391304345,Stable,1.1921072,0.015162226086956518,Improving,1.3021531,0.027640621739130435,Improving,1.0226985,0.012007743478260868,Improving
TZA,Tanzania,Sub-Saharan Africa,Lower middle income,-0.2829332,0.012103565217391305,Improving,-0.5098718,0.02615221304347826,Improving,-0.5522151,0.01851295652173913,Improving,-0.5728339,-0.01605576956521739,Declining,-0.6926103,-0.0006580608695652184,Stable,-0.4837730999999999,0.021216669565217398,Improving
UGA,Uganda,Sub-Saharan Africa,Low income,-1.1024791,-0.018356195652173918,Declining,-0.5169667,0.012791447826086955,Improving,-0.7746479,0.03977209565217392,Improving,-0.728266,-0.014314352173913043,Declining,-0.4755833,-0.010306826086956522,Declining,-0.8769482,0.006583065217391299,Stable
UKR,Ukraine,Europe & Central Asia,Upper middle income,-0.782195,0.010551234782608694,Improving,-0.3729408999999999,0.03449973913043479,Improving,-1.0320239,-0.03564629130434783,Declining,-0.5855728,0.013953486956521736,Improving,-0.2900464,0.019018652173913044,Improving,0.0813478,0.02606039565217391,Improving
URY,Uruguay,Latin America & Caribbean,High income,1.3889224999999998,0.017263056521739123,Improving,0.6879853,-0.0021846652173913043,Stable,1.1553614,0.022489682608695657,Improving,0.880371,0.014720704347826087,Improving,0.6290701,0.010215208695652173,Improving,1.2429696,0.018927891304347823,Improving
USA,United States,North America,High income,1.1719722,-0.02207017826086957,Declining,1.5492277,-0.008361786956521731,Stable,0.0546375,-0.038840382608695656,Declining,1.1235175,-0.017916226086956522,Declining,1.3675576,0.00042962173913044363,Stable,1.0249835,-0.014865695652173907,Declining
UZB,Uzbekistan,Europe & Central Asia,Lower middle income,-1.1224344,0.004947595652173919,Stable,-0.5008385,0.027026126086956523,Improving,-0.2167593,0.016918517391304348,Improving,-0.9439475,0.016674504347826077,Improving,-0.9215511,0.03925169565217391,Improving,-1.4249571,0.010455878260869553,Improving
VCT,St. Vincent and the Grenadines,Latin America & Caribbean,Upper middle income,0.7602069,0.036733546666666665,Improving,0.5533891,0.02220662666666667,Improving,0.9169085,-0.001895234782608697,Stable,0.6834679,-0.0095821,Stable,0.2337241,0.01215817333333334,Improving,0.6248617,-0.018973639130434778,Declining
VIR,Virgin Islands (U.S.),Latin America & Caribbean,High income,0.5544325,0.0002785333333333343,Stable,0.7699022999999999,0.008339439999999998,Stable,0.977236,0.03198723333333334,Improving,1.099685,0.017725753333333334,Improving,1.1130552,0.023692806666666674,Improving,0.8331459999999999,0.02860851538461539,Improving
VNM,Viet Nam,East Asia & Pacific,Lower middle income,-0.3621433,0.014609817391304347,Improving,0.0409358,0.026347886956521734,Improving,0.0916744999999999,-0.015261160869565223,Declining,-0.2953357,0.016698134782608696,Improving,-0.2780442999999999,0.023187856521739134,Improving,-1.0411752,0.005793965217391303,Stable
VUT,Vanuatu,East Asia & Pacific,Lower middle income,-0.1851487,-0.015263160869565218,Declining,-0.6963905,-0.025439966666666668,Declining,1.0281545,0.0049010304347826125,Stable,0.3754776999999999,0.000297026086956519,Stable,-0.3671642,-0.014713460000000001,Declining,0.5766690999999999,0.00784505217391304,Stable
WSM,Samoa,East Asia & Pacific,Upper middle income,0.6220257,0.0288482304347826,Improving,0.5845121,0.03730058260869565,Improving,1.1468478,-0.00756883913043478,Stable,1.1592019999999998,0.018777886956521737,Improving,0.0037792999999999,-0.004741213043478261,Stable,0.8423647,0.006469091304347826,Stable
XKX,Kosovo,Europe & Central Asia,Upper middle income,-0.3444862999999999,-0.037872910526315785,Declining,-0.3265902,0.01081093076923077,Improving,-0.1060460999999999,-0.005720176470588229,Stable,-0.3527628,0.01005375789473684,Improving,-0.3751079,-0.0004456818181818261,Stable,0.0665373,0.09703916521739131,Improving
YEM,"Yemen, Rep.",Middle East & North Africa,Low income,-1.7416979,-0.04545921739130434,Declining,-1.9649799,-0.048874882608695644,Declining,-2.6172209,-0.03254445217391304,Declining,-1.6661221,-0.020271421739130435,Declining,-1.5549794,-0.038774634782608695,Declining,-1.7135156,-0.034378034782608695,Declining
ZAF,South Africa,Sub-Saharan Africa,Upper middle income,0.0349803,-0.036135617391304345,Declining,0.1893814999999999,-0.018535630434782614,Declining,-0.3382564999999999,0.009662386956521742,Stable,-0.0749162,-0.0027525652173913044,Stable,0.1187999999999999,-0.0025345347826086955,Stable,0.4911742999999999,-0.0011444608695652186,Stable
ZMB,Zambia,Sub-Saharan Africa,Lower middle income,-0.6455711,0.007827543478260868,Stable,-0.6197185,0.031710665217391305,Improving,-0.3690652,-0.010886334782608696,Declining,-0.5911550999999999,-0.005706556521739128,Stable,-0.5087837,0.005148847826086957,Stable,-0.482359,0.007644352173913045,Stable
ZWE,Zimbabwe,Sub-Saharan Africa,Lower middle income,-1.2833802,-0.03855505217391305,Declining,-1.1049584,-0.047550395652173914,Declining,-0.984582,-0.016623460869565218,Declining,-1.2815856,-0.027403613043478266,Declining,-1.3000713,0.005041504347826088,Stable,-1.2476642,-0.01486927391304348,Declining
