iso3c,country,region,income,GDP_PerCap_2019,Gini_Index_2019,Urban_Pop_2019,Pop_65_Plus_2019,Hospital_Beds_2019,Physicians_2019,Nurses_2019,Health_Exp_2019,Gov_Health_Prioritization_2019,Slope_Health_Exp,Slope_Gov_Prioritization,Slope_Hospital_Beds,Slope_Physicians,Health_Investment_Trajectory
ABW,Aruba,Latin America & Caribbean,High income,39652.6320700939,NA,62.288276286885,13.9419664537338,NA,NA,NA,NA,NA,NA,NA,NA,NA,Stable
AFG,Afghanistan,South Asia,Low income,2927.2451435353,NA,25.1437258839803,2.37615338349114,0.38,0.214,0.451,14.83131981,1.77526009,0.7825030325454629,-0.0017538393333328293,-0.009166666666666778,4.848484848501435e-5,Stable
AGO,Angola,Sub-Saharan Africa,Lower middle income,9648.01103767178,51.3,66.6637823180533,2.70797798313284,0.75,0.211,0.401,2.20394278,5.5068841,-0.0018418727878785548,0.15839370915151724,NA,NA,Increasing Investment
ALB,Albania,Europe & Central Asia,Upper middle income,15948.2789166128,30.1,56.7639071287255,14.2480986631067,2.84,1.645,5.081,6.78144073,10.04622459,0.07487622393939489,0.22194183793939687,-0.011939393939394215,0.03672173913043296,Increasing Investment
AND,Andorra,Europe & Central Asia,High income,63215.899791913,NA,88.5391793666245,13.8257043289506,NA,4.392,4.824,7.32238626,14.57425785,-0.016123797090910046,-1.0012521398788088,NA,0.18758181818182107,Divestment/Austerity
ARE,United Arab Emirates,Middle East & North Africa,High income,72822.969940695,26.4,85.0298263388195,1.52798923207058,1.83,2.71,5.987,4.40291262,7.91993999,0.08561263666666695,-0.06296759303030314,0.05351515151515171,0.11669696969697145,Stable
ARG,Argentina,Latin America & Caribbean,Upper middle income,26629.5529419501,43.3,91.8567844513802,11.6325391913594,3.69,5.25,4.143,10.11911297,16.31137466,0.07935087036363812,-0.08038139381818377,-0.08149999999999882,0.058988095238092834,Stable
ARM,Armenia,Europe & Central Asia,Upper middle income,16215.3607965094,30,65.0047033570428,12.0453317121053,4.06,3.026,4.688,11.3798008,5.66885042,0.17377083593939452,-0.15790081872727585,-0.0013939393939390947,0.01759999999999993,Divestment/Austerity
ASM,American Samoa,East Asia & Pacific,High income,NA,NA,83.0542171797274,6.08357067458025,NA,NA,NA,NA,NA,NA,NA,NA,NA,Stable
ATG,Antigua and Barbuda,Latin America & Caribbean,High income,29651.8641526705,NA,24.708337524045,9.47314846738577,3.26,2.917,9.65,4.27709961,11.29999447,-0.03809315896969639,-0.28041910066666925,0.13871428571425976,NA,Divestment/Austerity
AUS,Australia,East Asia & Pacific,High income,58048.6188420831,34.3,87.3019647888406,15.9450637793133,3.82,3.808,13.1,10.25421429,17.12651825,0.2359263566666708,0.2823552453333418,0.009999999999999938,0.058478787878788505,Increasing Investment
AUT,Austria,Europe & Central Asia,High income,64609.374295614,30.2,68.3176044750522,18.9402993578561,7.19,5.318,10.66,10.62530422,16.07105827,0.043145537939394664,0.2205525712121238,-0.0553939393939398,0.05234545454545533,Increasing Investment
AZE,Azerbaijan,Europe & Central Asia,Upper middle income,20101.491875147,NA,58.1308191977779,6.62764113456588,3.94,3.148,5.914,4.18188763,3.28792715,0.19053679230303364,0.003908845575757013,-0.04521212121212185,-0.0432363636363642,Stable
BDI,Burundi,Sub-Saharan Africa,Low income,1057.95005999167,38.6,18.786178154187,2.40126821487113,0.69,0.094,0.644,9.05940628,7.90786219,-0.32413532096970854,0.2938809052727351,-0.1499999999999215,0.00685585585585596,Increasing Investment
BEL,Belgium,Europe & Central Asia,High income,60479.9769955466,27.2,87.0961631189222,19.029838081816,5.57,3.424,12.26,10.85831451,15.62112808,0.06597202721212266,0.21481531806061005,-0.05951515151515237,0.0607151515151524,Increasing Investment
BEN,Benin,Sub-Saharan Africa,Lower middle income,3281.10470051465,37.9,48.7125500590248,3.03327124628391,0.4,0.06,0.54,3.00206876,3.12481403,0.04969922963636532,-0.19063762672727436,-0.004909090909090941,0.0012694610778442546,Divestment/Austerity
BFA,Burkina Faso,Sub-Saharan Africa,Low income,2391.53626844484,43,26.1187254401157,2.55918669789944,NA,0.091,0.899,5.35001135,9.57691097,0.06971428648485026,0.5352261887878882,NA,0.005969696969697035,Increasing Investment
BGD,Bangladesh,South Asia,Lower middle income,6838.32611608243,32.4,30.8228396343012,5.66255837053046,0.89,0.63,0.477,2.12712646,2.66421318,-0.008747008121211826,-0.10491577193939332,0.045696969696970374,0.029430303030303362,Divestment/Austerity
BGR,Bulgaria,Europe & Central Asia,High income,27736.3748496575,40.3,73.7162322998047,21.4794589439076,7.74,4.236,4.848,7.11813641,11.55380249,0.01411850436363757,0.07904624981818269,0.1466666666666685,0.055509090909091695,Stable
BHR,Bahrain,Middle East & North Africa,High income,56749.9628370612,NA,100,3.00446835284136,1.93,0.687,2,3.78430986,7.06051159,0.02448910612121372,-0.11442717090909053,-0.014000000000000491,-0.03833939393939435,Divestment/Austerity
BHS,"Bahamas, The",Latin America & Caribbean,High income,33202.4902105068,NA,81.8257463283204,10.8243628610412,2.77,1.895,4.484,5.70484161,14.13741302,0.08232526181818375,-0.016300837757575976,-0.008333333333333413,NA,Stable
BIH,Bosnia and Herzegovina,Europe & Central Asia,Upper middle income,16203.4497674296,33,49.4650440037758,19.6456887437667,2.35,2.584,6.425,8.92544365,15.36792564,-0.048956859333334275,0.2922166826060663,0.01284848484848515,0.08216363636363715,Increasing Investment
BLR,Belarus,Europe & Central Asia,Upper middle income,26798.8206398076,25.3,77.4550771852757,15.3719450417652,9.93,4.546,10.91,5.86133814,11.04388905,0.06242854139394046,0.31057670242424557,-0.11333333333333509,0.11115757575757747,Increasing Investment
BLZ,Belize,Latin America & Caribbean,Upper middle income,11765.9748661176,39.9,42.9077622153323,4.37513040120157,1.04,1.086,1.737,4.81608105,12.07653427,0.04165315321212182,-0.106135541757578,-0.015000000000000646,-0.009693548387096471,Divestment/Austerity
BMU,Bermuda,North America,High income,95519.9206861686,NA,100,18.2327982903583,NA,NA,NA,NA,NA,NA,NA,NA,NA,Stable
BOL,Bolivia,Latin America & Caribbean,Lower middle income,11930.9159145918,41.6,69.7334986708387,5.69637597867023,1.28,1.088,1.395,6.88792992,13.54663086,0.21696308587879126,0.5219662926666706,0.03000000000000042,0.09429411764705693,Increasing Investment
BRA,Brazil,Latin America & Caribbean,Upper middle income,18018.62091495,53.5,86.6797991084296,9.27307434876159,2.29,2.351,4.321,9.61449146,9.10027695,0.23954128181818551,0.006333813575756921,-0.03503030303030354,0.0627000000000009,Stable
BRB,Barbados,Latin America & Caribbean,High income,20737.9776890352,34.1,59.284114064548604,14.2956713458923,5.72,2.541,4.708,5.67476797,10.63657379,-0.056854256727272984,-0.17041793024242985,-0.1059193548387066,NA,Divestment/Austerity
BRN,Brunei Darussalam,East Asia & Pacific,High income,80228.1598170527,NA,74.7923311783673,5.28835727839523,3.66,1.763,6.482,2.23100758,6.48993301,0.048224388787879977,0.13389664581818356,0.09860606060606153,0.03326576576576617,Increasing Investment
BTN,Bhutan,South Asia,Lower middle income,14555.1884045845,37.4,39.0746823405146,5.92796512661737,2.09,0.336,1.825,3.37511158,10.23985958,0.0039304762424240604,0.37556565296969896,0.014666666666666113,0.013714285714284541,Increasing Investment
BWA,Botswana,Sub-Saharan Africa,Upper middle income,18106.0105471124,54.9,66.3271694845464,3.84555352446718,2.47,0.395,3.329,6.12193203,12.00606537,-0.00413068654545437,0.38980518684849264,-0.0010303030303028332,-4.4545454545441614e-4,Increasing Investment
CAF,Central African Republic,Sub-Saharan Africa,Low income,1145.09563657752,NA,41.7800430407332,2.18855387385715,1,0.069,0.245,7.76081514,4.84231758,0.6376744815757681,0.10704731515151676,NA,NA,Increasing Investment
CAN,Canada,North America,High income,57583.845798092,31.7,81.7363672047941,17.5318595224519,2.51,2.418,9.977,11.04823494,18.92759895,0.06674253327272832,0.15942819763636665,-0.03478787878787943,0.029978548387094715,Increasing Investment
CHE,Switzerland,Europe & Central Asia,High income,79596.7029465098,34,80.7792907322229,18.582145616847,4.59,4.349,18.29,11.42588997,11.51255226,0.16913733054545732,0.13174656921212283,-0.06315151515151618,0.06681818181818289,Increasing Investment
CHI,Channel Islands,Europe & Central Asia,High income,NA,NA,32.8235411026876,18.585184737986,NA,NA,NA,NA,NA,NA,NA,NA,NA,Stable
CHL,Chile,Latin America & Caribbean,High income,28218.5343879081,45.3,88.1273685623538,12.3260602912509,2.02,2.627,3.576,9.30968475,18.01159668,0.321083390000005,0.5472778607272821,-0.010242424242424266,0.13724242424242625,Increasing Investment
CHN,China,East Asia & Pacific,Upper middle income,18820.5131033646,38.2,62.7099151611328,12.0613659717192,4.82,2.255,3.123,5.26516867,8.76956177,0.11431100193939545,-0.009429035151514737,0.2592121212121249,0.08845454545454642,Stable
CIV,Cote d'Ivoire,Sub-Saharan Africa,Lower middle income,5894.87874674153,37.2,51.3514799771241,2.48842186373225,NA,0.149,0.645,3.18916845,5.60127592,-0.17704750715151843,0.03882837630302953,NA,0.01092682926829217,Stable
CMR,Cameroon,Sub-Saharan Africa,Lower middle income,4882.35560028896,46.6,53.9487914119331,2.78429920377855,2.65,0.131,0.369,3.65157914,2.17985916,-0.004223409818181395,-0.19039632806061066,NA,0.005578947368420412,Divestment/Austerity
COD,"Congo, Dem. Rep.",Sub-Saharan Africa,Low income,1394.76461472893,42.1,42.8747090907476,3.09329491821841,NA,0.162,1.045,3.508039,4.12865877,0.029683084060607004,0.1560336327878817,NA,NA,Increasing Investment
COG,"Congo, Rep.",Sub-Saharan Africa,Lower middle income,6939.36913397466,48.9,63.5176376123385,2.72775052651388,NA,0.099,0.927,2.34771276,5.10725212,0.05575323842424304,0.1702089333333317,NA,-0.001776536312849138,Increasing Investment
COL,Colombia,Latin America & Caribbean,Upper middle income,17336.7716030551,51.3,77.4595528518377,8.19032265077422,1.75,2.317,1.374,7.83404827,16.65906715,0.12100935836363813,0.05307364551515315,0.03260606060606115,0.07087272727272828,Stable
COM,Comoros,Sub-Saharan Africa,Lower middle income,3451.42139338772,45.3,31.7287584068243,4.45791771445426,2.16,0.285,1.507,5.18044472,4.13345671,-0.015823601393940474,-0.15462485303030712,NA,0.01878571428571198,Divestment/Austerity
CPV,Cabo Verde,Sub-Saharan Africa,Lower middle income,9111.62993173269,42.4,71.6254285086577,5.81429049375224,2.14,0.743,1.486,4.82431316,11.78346062,0.06002560490909167,0.3945940079393986,0.006484848484848606,0.023860606060606384,Increasing Investment
CRI,Costa Rica,Latin America & Caribbean,Upper middle income,23364.783127574,48.2,77.0435864735963,10.105472418687,1.11,2.376,2.912,7.2212491,24.15332603,-0.10908344745454734,-0.8202406452121271,-0.012727272727272858,-0.02964848484848598,Divestment/Austerity
CUB,Cuba,Latin America & Caribbean,Upper middle income,NA,NA,77.0728225708008,15.3697053690774,4.21,8.677,7.636,11.08501148,15.51629925,0.1115538449697006,0.26390679690909746,-0.006545454545454804,0.20983030303030584,Increasing Investment
CUW,Curacao,Latin America & Caribbean,High income,28659.6557023251,NA,91.3714918191305,14.1400632046554,NA,NA,NA,NA,NA,NA,NA,NA,NA,Stable
CYM,Cayman Islands,Latin America & Caribbean,High income,77476.8412822407,NA,100,7.16354508592392,NA,NA,7.334,NA,NA,NA,NA,NA,NA,Stable
CYP,Cyprus,Europe & Central Asia,High income,43249.79296875,31.2,66.7677357070518,13.3825533556934,2.13,2.928,4.209,6.99843168,9.41559982,0.038890370363636476,0.19431106430302791,-0.05684848484848554,0.08649090909091003,Increasing Investment
CZE,Czechia,Europe & Central Asia,High income,47763.6165520254,25.3,72.7876426709563,19.9485877378936,6.7,4.112,9.048,7.48754358,15.68214798,-0.016588431090909708,0.14948217218182042,-0.06054545454545557,0.06428666666666777,Increasing Investment
DEU,Germany,Europe & Central Asia,High income,62849.3741865912,31.8,81.3053991689039,21.6283933065816,7.87,4.373,12.03,11.42805386,19.52608109,0.07961932672727341,0.2747348210303076,-0.05636363636363693,0.06433333333333424,Increasing Investment
DJI,Djibouti,Middle East & North Africa,Lower middle income,5809.30455041341,41.6,71.7418146554518,4.4058145932476,1.4,0.201,0.653,2.41347837,5.16109753,-0.11285275709091055,-0.35069932066667375,0.06642857142858727,NA,Divestment/Austerity
DMA,Dominica,Latin America & Caribbean,Upper middle income,17619.4335416769,NA,71.4382284948964,11.9680909834194,3.18,1.158,6.76,5.16903925,7.56691742,0.021951496545455838,-0.24164545757576184,-0.11566666666666908,NA,Divestment/Austerity
DNK,Denmark,Europe & Central Asia,High income,67131.4657009734,27.7,88.2096490810669,19.7143802297606,2.59,4.251,11.89,10.18468761,17.117033,-0.04593091466666776,0.18518117248485036,-0.09776293823038079,0.057193939393940074,Increasing Investment
DOM,Dominican Republic,Latin America & Caribbean,Upper middle income,21451.286441995,41.9,73.5403464672933,6.58282666119334,1.25,1.431,1.439,4.36808872,14.95226765,-0.09091488581818313,-0.05422340709090995,-0.04751515151515207,-0.010263157894736055,Stable
DZA,Algeria,Middle East & North Africa,Upper middle income,15199.1989965639,27.6,72.4824561380175,5.77497798452489,1.61,0.973,0.312,5.41732121,8.83036137,0.10719890048485205,0.03884942060606613,-0.014642857142857912,-0.24964285714283455,Stable
ECU,Ecuador,Latin America & Caribbean,Upper middle income,13870.4895118068,45.7,63.0627139714638,7.40791180679909,1.39,2.32,2.511,7.80878448,12.35584259,0.17210416187879082,0.5406167491515222,-0.02387878787878834,0.1255636363636383,Increasing Investment
EGY,"Egypt, Arab Rep.",Middle East & North Africa,Lower middle income,15026.5682438097,31.9,42.4812027332648,4.5935289970751,1.19,0.697,1.794,4.5994668,4.82284689,0.07694666890909325,0.07385630090909254,-0.02430303030303064,-0.00931428571428568,Stable
ERI,Eritrea,Sub-Saharan Africa,Low income,NA,NA,35.2352333068848,4.06758052141323,1.09,0.077,1.557,4.64806461,2.37287188,-0.05441883321212343,7.650973718529582e-17,-0.019272727272727393,0.004563636363636448,Stable
ESP,Spain,Europe & Central Asia,High income,46896.4171141424,34.3,79.6349761108307,19.3818276285973,2.93,4.376,6.037,9.21539497,15.22969532,-0.01421241757575821,0.1331711859393956,-0.012666666666666883,0.04458181818181806,Increasing Investment
EST,Estonia,Europe & Central Asia,High income,42218.962853871,30.8,69.5787397662154,19.8965346883511,4.53,3.469,6.602,6.64763546,12.63746071,0.04579676442424291,0.0929778298787887,-0.10775757575757744,0.028424242424242886,Stable
ETH,Ethiopia,Sub-Saharan Africa,Low income,2437.97046055952,35,21.2486705780029,3.03819036170098,0.33,0.089,0.692,3.24287128,4.76060486,-0.21354019303030652,0.033044819696970894,NA,NA,Stable
FIN,Finland,Europe & Central Asia,High income,56922.4873163103,27.7,72.7431214358314,22.061393842071,3.35,3.566,13.43,9.22295189,14.06124687,-0.021989903515151503,0.029687065818181223,-0.28272727272727677,3.2727272727233234e-4,Stable
FJI,Fiji,East Asia & Pacific,Upper middle income,13056.3310937089,30.7,56.70989552257,5.8208579193671,1.89,0.813,3.852,4.28229284,8.72794247,0.08685689060606051,9.978909088158667e-6,-0.02989130434783087,NA,Stable
FRA,France,Europe & Central Asia,High income,53448.5548849943,31.2,78.6890784549356,20.4100888765873,5.96,3.243,9.336,11.17058277,15.05257702,0.009083707515152582,0.19682315496970063,-0.06775757575757645,0.0015090909090907589,Increasing Investment
FRO,Faroe Islands,Europe & Central Asia,High income,68134.0306302109,NA,38.3945655822754,17.4879199097248,NA,NA,NA,NA,NA,NA,NA,NA,NA,Stable
FSM,"Micronesia, Fed. Sts.",East Asia & Pacific,Lower middle income,3940.26446989917,40.1,22.359245777081,4.77276436771186,NA,0.762,2.221,11.87363148,3.0567925,-0.10831974472727388,0.0693742303030313,NA,NA,Stable
GAB,Gabon,Sub-Saharan Africa,Upper middle income,19491.4067631986,38,89.9031850170394,3.99260397789748,1.95,0.603,2.345,2.76837039,9.59155846,0.04073527806060687,0.42867118963636963,NA,0.07539999999999995,Increasing Investment
GBR,United Kingdom,Europe & Central Asia,High income,52515.684446109,32.8,82.6699420738913,18.457958087858,2.44,2.932,8.645,9.97954082,20.52682686,0.0022500873939391296,0.26800552175757936,-0.055090909090909926,0.026709090909091033,Increasing Investment
GEO,Georgia,Europe & Central Asia,Upper middle income,18186.8816465807,35.9,58.6304091780343,14.7044720808539,4.61,7.452,5.309,7.31291389,9.38722324,-0.05423594442424098,0.5964014424242543,0.14854545454545542,0.3504606060606106,Increasing Investment
GHA,Ghana,Sub-Saharan Africa,Lower middle income,6508.24652305901,43.5,55.7246279109161,3.43641156155462,0.69,0.104,2.638,3.25450468,8.76836586,-0.21178082430303444,-0.423108926848496,0.0014285714285707833,0.0031212121212122095,Divestment/Austerity
GIB,Gibraltar,Europe & Central Asia,High income,NA,NA,100,17.46069758269,NA,NA,NA,NA,NA,NA,NA,NA,NA,Stable
GIN,Guinea,Sub-Saharan Africa,Lower middle income,3557.46233883145,29.6,36.1281547546387,3.45692449778455,0.3,0.219,0.566,4.08876228,6.18767548,0.0877282243030329,0.31706277890909085,NA,0.019314285714285707,Increasing Investment
GMB,"Gambia, The",Sub-Saharan Africa,Low income,2750.82132179634,35.9,61.643210849607,2.71508895151666,0.96,0.077,0.444,3.14534926,5.37906027,-0.14340819496969961,-0.13717772745454748,-0.017142857142857112,-0.0014857142857139973,Divestment/Austerity
GNB,Guinea-Bissau,Sub-Saharan Africa,Low income,2442.10663731324,34.8,43.8745574951172,2.98298111090331,NA,0.301,0.387,7.14602089,2.44074059,0.2136754583636422,-0.07434702418181903,NA,0.029038461538461548,Stable
GNQ,Equatorial Guinea,Sub-Saharan Africa,Upper middle income,18446.5916579681,NA,70.1175419547293,3.44128197191076,2.1,0.325,0.406,3.27948833,4.79222822,0.2060158406666693,0.3139012762424267,NA,NA,Increasing Investment
GRC,Greece,Europe & Central Asia,High income,33502.7506488997,33.1,78.1888100466875,22.1273853041386,4.15,6.163,3.648,8.11709499,8.3047123,-0.1566790177575788,-0.3506903849697033,-0.037090909090909785,0.0508666666666673,Divestment/Austerity
GRD,Grenada,Latin America & Caribbean,Upper middle income,17036.9151689715,43.8,36.1346465679904,10.7581812616667,3.34,1.383,6.05,4.93189621,9.43220234,-0.13600918442424564,0.07313211630302865,-0.012142857142857356,NA,Stable
GRL,Greenland,Europe & Central Asia,High income,68534.9419039133,NA,87.0217895507812,8.58444476142928,NA,NA,NA,NA,NA,NA,NA,NA,NA,Stable
GTM,Guatemala,Latin America & Caribbean,Upper middle income,11466.3765822795,48.3,54.1882267267974,4.46874605807685,0.47,0.363,1.314,6.17443275,17.65140152,0.01682519345454535,0.4501928333939474,-0.027864583333337533,NA,Increasing Investment
GUM,Guam,East Asia & Pacific,High income,NA,NA,94.0799802498939,10.3310713932562,NA,NA,11.56,NA,NA,NA,NA,NA,NA,Stable
GUY,Guyana,Latin America & Caribbean,High income,13402.4219472757,NA,26.4258834773058,5.79881510279633,2.15,1.79,2.627,4.90331507,10.32425022,0.09131284812121254,0.3404593120606128,0.032142857142858736,NA,Increasing Investment
HKG,"Hong Kong SAR, China",East Asia & Pacific,High income,65388.3336248234,NA,100,17.9525256642131,NA,NA,8.176,NA,NA,NA,NA,NA,NA,Stable
HND,Honduras,Latin America & Caribbean,Lower middle income,6264.01884276715,48.2,56.3791561389766,3.88983564207188,0.65,0.304,0.715,7.34316635,11.1674366,-0.20829610284848843,-0.40581924539394787,0.006242424242424322,0.01823255813952594,Divestment/Austerity
HRV,Croatia,Europe & Central Asia,High income,33419.3735945034,28.9,56.303247958306,21.1822163945349,5.78,3.59,7.398,6.78699923,11.95514011,-0.1262018866060634,-0.1381701095151537,-0.027030303030303918,0.08100000000000109,Divestment/Austerity
HTI,Haiti,Latin America & Caribbean,Lower middle income,3392.43263210456,41.1,52.0069059952475,4.37038159637999,4.89,0.238,0.404,3.91107917,4.24965858,-0.1392030690909108,0.050146334242425185,0.5683333333333402,0.007859813084112132,Stable
HUN,Hungary,Europe & Central Asia,High income,37662.67681014,30.6,70.4565277099609,19.6029229874294,6.91,3.494,5.564,6.24677849,9.30963039,-0.13340926818181958,-0.04414547412121192,-0.02690909090909113,0.0573090909090915,Stable
IDN,Indonesia,East Asia & Pacific,Upper middle income,12757.7850854842,35.4,55.7382049560547,6.48567879421327,1.16,0.462,3.781,2.87862897,8.54535389,0.0018342880606062998,0.6422867603636463,0.06284848484848578,0.0277559681697608,Increasing Investment
IMN,Isle of Man,Europe & Central Asia,High income,NA,NA,52.1789898247578,21.5915384752818,NA,1.449,NA,NA,NA,NA,NA,NA,NA,Stable
IND,India,South Asia,Lower middle income,7930.0911303899,28.8,33.8139578818147,6.22347304109804,1.62,0.889,1.7,2.95299792,3.84729862,-0.05388175836363675,0.06290763375757624,-0.020969696969697287,0.035400000000000084,Stable
IRL,Ireland,Europe & Central Asia,High income,96371.2910180182,30.3,63.2737009154127,14.2437778846663,2.88,3.317,15.48,6.61860561,20.46954346,-0.541428211151524,0.6908545932121324,0.04527272727272818,-0.11306060606060857,Increasing Investment
IRN,"Iran, Islamic Rep.",Middle East & North Africa,Upper middle income,14841.0751514998,36.5,75.2038879394531,7.01598841078797,1.85,1.505,1.973,6.23426771,19.4479351,0.11510506260606546,1.1785459051515468,0.047878787878788874,0.012600000000002694,Increasing Investment
IRQ,Iraq,Middle East & North Africa,Upper middle income,14910.2250318887,29.5,69.8683395385742,3.31720320491488,1.06,0.881,2.313,4.207232,5.99367142,0.18337863133333607,0.269070716242426,-0.01869565217391181,0.016031914893616845,Increasing Investment
ISL,Iceland,Europe & Central Asia,High income,64826.4324085557,26.8,93.9770847416131,14.299299000969,2.8,3.892,16.16,8.63996315,16.44213295,0.02352544618181803,0.31876073321212434,-0.06769696969697044,0.04762424242424304,Increasing Investment
ISR,Israel,Middle East & North Africa,High income,44580.8078825716,38.3,91.6154002002652,11.8854991652299,3.1,3.521,5.5,7.20701885,11.8999815,0.04747363557575832,0.15905920660606307,-0.021757575757576107,-0.004684848484848695,Increasing Investment
ITA,Italy,Europe & Central Asia,High income,49690.6298505274,34.6,69.5050010681153,23.104171093177,3.14,4.024,6.402,8.61536789,13.03116512,-0.02213308763636363,-0.07566309842424424,-0.04527272727272821,0.02780606060606094,Stable
JAM,Jamaica,Latin America & Caribbean,Upper middle income,10816.3720391154,35.3,56.6957957395074,6.94823486657852,1.72,0.548,0.981,6.96945572,13.3204546,0.07390131836363716,0.572479208060616,-0.010909090909091156,0.024371428571425536,Increasing Investment
JOR,Jordan,Middle East & North Africa,Lower middle income,9288.52709103516,33.7,91.515966492507,3.77701553656163,1.36,2.519,3.168,7.07244635,10.08031368,-0.13269633618182047,-0.726769054060618,-0.028969696969697464,0.02531756756756511,Divestment/Austerity
JPN,Japan,East Asia & Pacific,High income,44730.9102844958,33,91.7164207898107,28.6287707536412,12.79,2.485,11.98,10.96998405,24.6980896,0.1140880987878808,0.5218208773333417,-0.070242424242425,0.03430000000000167,Increasing Investment
KAZ,Kazakhstan,Europe & Central Asia,Upper middle income,33298.2123695035,28,59.0832474269546,7.48037890518547,5.01,3.62,6.696,2.87143755,8.2512455,0.03468626133333435,-0.03488272745454428,-0.23406060606060974,-0.03012727272727314,Stable
KEN,Kenya,Sub-Saharan Africa,Lower middle income,5171.71264279257,40.8,31.1895566421135,2.74689322576961,1.33,0.16,1.193,4.36874676,8.22723579,-0.1378076308484875,0.021417004666665736,NA,-0.001300000000000267,Stable
KGZ,Kyrgyz Republic,Europe & Central Asia,Lower middle income,6087.60193826927,29.7,34.8805205758044,5.17384800051124,4.09,1.759,4.24,4.25461817,7.09393597,-0.3399516281818199,-0.4177932477575838,-0.10690909090909217,-0.012333333333333389,Divestment/Austerity
KHM,Cambodia,East Asia & Pacific,Lower middle income,6448.88455952805,NA,39.5830241256026,5.27307790694231,0.73,0.211,1.008,5.05801058,6.99103546,-0.14928336539394374,0.10710375551515366,-0.00794117647058824,4.7878787878781893e-4,Increasing Investment
KIR,Kiribati,East Asia & Pacific,Lower middle income,2927.48453366722,27.8,56.2846727145489,3.89281837952558,1.86,0.193,3.628,10.16600227,8.52070999,0.2477684656969729,-0.16447489496970133,NA,-0.0484999999999773,Divestment/Austerity
KNA,St. Kitts and Nevis,Latin America & Caribbean,High income,31512.1943105684,NA,31.4121818392285,8.95605039242623,4.39,3.085,4.586,5.19201469,6.86373711,0.003782659515151402,0.11385739103030684,-0.04666666666666562,NA,Increasing Investment
KOR,"Korea, Rep.",East Asia & Pacific,High income,49790.8679884821,33.2,81.2901063535619,15.0634884441589,12.43,2.458,8.093,7.69397116,13.88666344,0.19331790145454686,0.3445132116363679,0.38484848484849143,0.0474909090909097,Increasing Investment
KWT,Kuwait,Middle East & North Africa,High income,51380.6455354631,NA,100,3.60361384527711,2,2.087,4.956,5.18200397,9.16396332,0.3759435404848542,0.5213602213939454,-0.06430303030303144,-0.059490909090909906,Increasing Investment
LAO,Lao PDR,East Asia & Pacific,Lower middle income,8075.27502377003,38.8,35.9072880879451,4.17749001037701,1.68,0.363,1.177,2.60312223,5.16324902,0.009836248848484415,0.3218618636969726,0.04369696969696977,0.007253225806451088,Increasing Investment
LBN,Lebanon,Middle East & North Africa,Lower middle income,15659.5661040012,31.8,89.4986743521503,8.77970915650001,2.73,2.611,1.918,8.68533897,13.68380451,0.10260220981818151,0.25800804387878934,-0.09084848484848654,9.249999999986846e-4,Increasing Investment
LBR,Liberia,Sub-Saharan Africa,Low income,1575.76665001238,35.3,52.85526226447,3.21013029964686,1.64,0.145,0.544,8.38325977,4.19834614,0.2081048411515221,-0.01971337048485004,0.07423076923077244,0.013216393442622796,Stable
LBY,Libya,Middle East & North Africa,Upper middle income,14337.1962987582,NA,87.8220115209342,4.62502513115857,3.2,2.042,6.377,5.54773426,8.36049366,0.20701350303030655,0.48517851375758547,-0.06363636363636412,0.014357142857145221,Increasing Investment
LCA,St. Lucia,Latin America & Caribbean,Upper middle income,22738.2471068581,43.7,24.2476974658382,8.52717105281673,1.32,6.168,3.239,4.290905,8.2794199,-0.09994355903030454,0.19918223563636828,-0.011499999999999996,0.6311824324324461,Increasing Investment
LIE,Liechtenstein,Europe & Central Asia,High income,NA,NA,14.6070830005951,18.2791363163372,NA,NA,NA,5.78483772,15.29545307,-0.0051441189285746204,0.08356925428572343,NA,NA,Stable
LKA,Sri Lanka,South Asia,Lower middle income,14637.44429132,37.7,19.4946326418437,10.3754608627101,3.86,1.098,2.151,3.70119572,8.91490173,0.0010086379393935768,0.07874603787878902,0.04006060606060666,0.03778787878787901,Stable
LSO,Lesotho,Sub-Saharan Africa,Lower middle income,2773.28639887236,44.9,38.6040920446259,3.77981769304005,NA,0.457,3.144,21.92373085,12.61054611,0.8619729416363539,0.46710125593939966,NA,NA,Increasing Investment
LTU,Lithuania,Europe & Central Asia,High income,43062.3228425315,35.3,67.245735168457,19.8571907989029,6.34,4.568,8.058,6.94472647,13.04816532,0.013753472363635375,0.20071590333333564,-0.12690909090909233,0.0689030303030314,Increasing Investment
LUX,Luxembourg,Europe & Central Asia,High income,132724.752743888,34.2,93.2589839734767,14.4700667405182,4.26,2.984,12.54,5.46640301,10.89836788,-0.10274714806060897,-0.2090551956363683,-0.11460606060606175,0.028345238095238784,Divestment/Austerity
LVA,Latvia,Europe & Central Asia,High income,35208.1934590859,34.5,68.066323694246,20.4072272200842,5.42,3.267,4.599,6.86276913,10.35906219,0.08754589775757546,0.1946008940606067,-0.041393939393939594,0.018030303030303427,Increasing Investment
MAC,"Macao SAR, China",East Asia & Pacific,High income,133453.896026037,NA,100,10.6213504547121,NA,NA,3.785,NA,NA,NA,NA,NA,NA,Stable
MAF,St. Martin (French part),Latin America & Caribbean,High income,NA,NA,100,16.2097091911926,NA,NA,NA,NA,NA,NA,NA,NA,NA,Stable
MAR,Morocco,Middle East & North Africa,Lower middle income,8768.17578125,39.5,61.8430450233765,6.72020202315888,0.7,0.734,1.394,5.020401,7.30722809,-0.056945659272728155,0.18741857381818486,-0.01746402877697917,0.006038461538461061,Increasing Investment
MCO,Monaco,Europe & Central Asia,High income,NA,NA,100,36.2853919021753,21.99,8.609,20.83,3.87993813,14.49990559,-0.11076123769697112,-0.46734217460606337,1.6179999999998782,0.14266355140185807,Divestment/Austerity
MDA,Moldova,Europe & Central Asia,Upper middle income,14621.2401362286,26,40.772289276123,13.8014600191097,5.8,4.033,6.139,6.49662447,12.1204834,-0.3812792144848537,-0.17995854600000405,-0.05793939393939494,0.10198181818181834,Divestment/Austerity
MDG,Madagascar,Sub-Saharan Africa,Low income,1707.83153830039,42.6,30.3046972370204,3.09198189312276,0.32,0.195,0.285,3.10129309,4.44415092,-0.040753394363633434,-0.5326506188484734,-0.001999999999999904,0.0044999999999995755,Divestment/Austerity
MDV,Maldives,South Asia,Upper middle income,21855.501224579,29.3,40.0492764783282,3.83285048520598,6.36,2.235,5.235,7.50238085,17.85394287,-0.023512496242422097,0.7873639597575929,0.283,0.06396875000000071,Increasing Investment
MEX,Mexico,Latin America & Caribbean,Upper middle income,21704.1859494071,46,78.355984332992,7.33464157467799,0.96,2.46,2.865,5.3013463,10.31756687,-0.018700264606060862,-0.019223924545454376,-0.008363636363636486,0.052103030303031136,Stable
MHL,Marshall Islands,East Asia & Pacific,Upper middle income,6405.07564930525,35.5,76.9422712042154,3.57333575721768,2.8,0.467,4.305,14.98994541,10.15070438,0.05511032418181541,0.10805979896969954,NA,-0.07399999999997159,Increasing Investment
MKD,North Macedonia,Europe & Central Asia,Upper middle income,20711.2654023295,33.5,60.6286848102132,15.7588026396984,4.67,3.409,5.45,7.06654119,13.55631161,0.005438104727271358,0.009957879999998026,0.008303030303030264,0.07796363636363729,Stable
MLI,Mali,Sub-Saharan Africa,Low income,2916.17167790759,36,28.3520715749509,2.52301022604725,0.25,0.12,0.411,3.82943797,4.83501434,-0.0663646511515164,0.2976279171515215,-1.6666666666674486e-4,0.0019166666666666742,Increasing Investment
MLT,Malta,Middle East & North Africa,High income,50801.9556181426,31,94.9332032524644,18.5815714000859,4.1,4.026,8.21,8.89282227,15.9362421,0.05356248248484883,0.37893440969697473,-0.02327272727272684,0.12113939393939589,Increasing Investment
MMR,Myanmar,East Asia & Pacific,Lower middle income,6562.98898478625,30.7,30.0782436945232,6.31825313612298,1.05,0.757,1.111,3.814466,2.96386218,0.31509500115152334,0.24370390781818824,0.026303030303030817,0.026525179856117152,Increasing Investment
MNE,Montenegro,Europe & Central Asia,Upper middle income,23392.8133808519,35.7,65.1686759904159,16.2013123164339,3.92,2.792,5.398,8.32983208,11.52457523,0.020836194333334355,-0.03380564083333837,0.00484848484848487,0.10652727272727432,Stable
MNG,Mongolia,East Asia & Pacific,Upper middle income,15790.6961126441,32.7,67.8277299551557,4.17415725035646,7.94,3.647,4.217,4.49497986,6.87808418,0.10509070460606253,0.03282302496969837,0.14678787878788077,0.08776363636363735,Stable
MNP,Northern Mariana Islands,East Asia & Pacific,High income,NA,NA,91.6162852134162,5.71277192545035,NA,NA,NA,NA,NA,NA,NA,NA,NA,Stable
MOZ,Mozambique,Sub-Saharan Africa,Low income,1528.88988354373,50.7,33.4177241517032,2.80919999009516,0.72,0.086,0.48,7.90207434,6.52060223,0.3763023202424302,0.24116241593939655,-0.013757575757575887,0.004228417266187221,Increasing Investment
MRT,Mauritania,Sub-Saharan Africa,Lower middle income,6162.21044512087,32,56.0596215779146,3.29913011324822,NA,0.201,1.187,3.09176588,6.17791986,0.07262730624242603,0.18947757078788094,NA,0.0048504672897195,Increasing Investment
MUS,Mauritius,Sub-Saharan Africa,Upper middle income,26047.9753573284,36.8,39.2509492806955,10.8947577102786,3.66,2.558,3.494,5.69508171,9.0032053,0.18110316878788185,0.24979384181818914,0.02666666666666678,0.13386666666666805,Increasing Investment
MWI,Malawi,Sub-Saharan Africa,Low income,1687.28944917892,38.5,16.1383746619001,2.76517585218182,1.3,0.15,0.43,6.37021732,7.93860054,0.16981132375758118,0.34660964206061495,NA,0.02592105263157817,Increasing Investment
MYS,Malaysia,East Asia & Pacific,Upper middle income,31300.5086554849,41.2,74.8377707734042,6.48232176367792,1.9,2.021,3.925,3.83991051,8.52427959,0.06758285448484956,0.29761854806061133,-0.001333333333333372,0.08805454545454645,Increasing Investment
NAM,Namibia,Sub-Saharan Africa,Upper middle income,10813.3044681944,59.1,48.0019807724839,3.57099401639958,NA,0.368,2.229,8.85805798,14.08221817,-0.24081887878788324,0.0258088836969688,NA,-0.09949999999993882,Stable
NCL,New Caledonia,East Asia & Pacific,High income,NA,NA,67.1574673707832,9.99185489728708,NA,NA,NA,NA,NA,NA,NA,NA,NA,Stable
NER,Niger,Sub-Saharan Africa,Low income,1612.63734693259,37.3,16.813146499685,2.5107464204291,0.29,0.039,0.226,5.66642094,9.37940311,0.1017785399393944,0.09578150854545102,-0.020714285714283992,-0.002166666666666461,Stable
NGA,Nigeria,Sub-Saharan Africa,Lower middle income,8361.78664857198,35.1,58.9611186427056,2.97488504235954,NA,0.356,1.072,2.98547053,3.76171207,-0.00943377703030198,0.16596965727273189,NA,-0.002309523809523735,Increasing Investment
NIC,Nicaragua,Latin America & Caribbean,Lower middle income,6756.59375829081,46.2,58.5405671448072,5.11546955676403,0.98,0.682,1.569,8.50037098,18.92516899,0.12042624696969888,0.426620772484854,0.004969696969696926,0.008583333333334739,Increasing Investment
NLD,Netherlands,Europe & Central Asia,High income,67847.8542926795,29.2,93.8898028856479,19.0648534024819,2.99,3.713,10.89,9.93616295,15.57606506,-0.04955229321212178,0.09912241709090992,-0.113515151515153,0.07956363636363752,Stable
NOR,Norway,Europe & Central Asia,High income,87725.7283254613,27.7,82.4935894878281,17.3948556308139,3.48,4.578,16.01,10.43807507,17.51844025,0.21875368181818522,0.10031781090909289,-0.08854545454545591,0.036945454545454726,Increasing Investment
NPL,Nepal,South Asia,Lower middle income,4607.52454717112,32.8,65.9873929484157,6.04820039203474,0.29,0.815,3.327,4.44524717,4.03386211,0.03160943721212301,-0.0856066386666668,0.004606060606060672,0.04150000000000174,Stable
NRU,Nauru,East Asia & Pacific,High income,11183.095616258,32.4,100,2.04108052127384,4.97,1.273,7.304,11.56155682,9.78691292,0.12604277715151646,-0.0747906078181836,NA,0.016642857142849535,Stable
NZL,New Zealand,East Asia & Pacific,High income,47362.3199332352,NA,83.804965871667,15.3016117661383,2.54,3.37,10.78,8.61898708,16.19778824,-0.07010301569697058,-0.02323875472726919,-0.026484848484848666,0.09101818181818302,Stable
OMN,Oman,Middle East & North Africa,High income,38292.3859682752,NA,79.5780017545962,2.61074293420886,1.1,2.091,4.427,3.80648994,8.59375286,0.20099016351515495,0.3695935107272781,-0.059212121212122285,-5.4545454545544826e-5,Increasing Investment
PAK,Pakistan,South Asia,Lower middle income,5295.95295138203,29.6,37.1091631735769,3.98447495645256,0.5,1.049,0.453,2.84736943,4.95088243,0.06805713545454631,0.2769173690909128,0.009151515151515311,0.031412121212121474,Increasing Investment
PAN,Panama,Latin America & Caribbean,High income,33163.726919217,49.8,65.752985396379,8.06954352497892,1.94,1.637,3.214,8.13541794,22.34857178,0.11292843096969689,0.43682531872727587,-0.015151515151515197,0.01610909090909119,Increasing Investment
PER,Peru,Latin America & Caribbean,Upper middle income,15463.5432397882,41.5,83.1033003087105,8.60697377690978,1.6,1.354,2.107,5.12525272,15.34553719,0.05236724775757597,0.45005036557576394,0.009666666666667009,0.03334782608695589,Increasing Investment
PHL,Philippines,East Asia & Pacific,Lower middle income,9452.2939715981,42.3,53.7157859948017,4.51942674426754,0.98,0.732,4.789,4.16646004,7.78876352,-0.012285151757576506,0.1539710096969725,-0.005818181818181974,0.02035757575757593,Increasing Investment
PLW,Palau,East Asia & Pacific,High income,19519.018546453,NA,79.2803814152827,9.09371839532532,4.34,2.191,6.685,12.17405796,16.55340767,0.11831169648484767,0.8507835679394069,NA,0.05289097744360889,Increasing Investment
PNG,Papua New Guinea,East Asia & Pacific,Lower middle income,4301.61139205544,NA,13.9278267446947,3.05067327435397,0.17,0.06,0.414,2.3253386,6.36984921,-0.022016082060606356,0.014381267272731105,NA,0.0014726027397258612,Stable
POL,Poland,Europe & Central Asia,High income,38181.6230334689,28.8,59.9626184068963,17.5584217024462,6.13,3.279,6.326,6.38906956,11.01052094,0.008675387515151858,0.12431057418182004,-0.030484848484848035,0.07287878787878717,Increasing Investment
PRK,"Korea, Dem. People's Rep.",East Asia & Pacific,Low income,NA,NA,62.3542226611578,10.9247931815613,12.8,3.628,4.382,NA,NA,NA,NA,-0.15961538461535965,0.05481355932203396,Stable
PRT,Portugal,Europe & Central Asia,High income,40188.2868799219,32.8,61.114927250613,22.3900784021367,3.49,5.422,7.306,9.50868607,13.60357857,-0.04984065515151686,0.1141602259999996,0.008424242424242332,0.16436363636363854,Increasing Investment
PRY,Paraguay,Latin America & Caribbean,Upper middle income,15321.3245528947,45.7,64.9845298299929,6.03178053058008,0.91,1.466,1.797,7.16081905,16.44912148,0.14544939278788047,0.18480180733333892,0.008121212121212248,NA,Increasing Investment
PSE,West Bank and Gaza,Middle East & North Africa,Lower middle income,6269.89134527985,33.7,85.8136174183656,3.50508535292495,1.29,2.168,1.953,9.18576908,12.92401981,-0.1331322293939418,0.19683300315151192,0.0016969696969697946,NA,Increasing Investment
PYF,French Polynesia,East Asia & Pacific,High income,NA,NA,61.7824142427508,8.77511123216388,NA,NA,NA,NA,NA,NA,NA,NA,NA,Stable
QAT,Qatar,Middle East & North Africa,High income,113160.839750596,35.1,99.1191696672067,1.17212029932225,1.12,2.504,7.251,3.18468714,8.38503265,0.20798393557576156,0.5623095654545552,-0.02824242424242505,-0.17968571428571017,Increasing Investment
ROU,Romania,Europe & Central Asia,High income,34634.2623800162,34.8,52.8931835224862,18.604236526527,7.01,3.165,7.646,5.69924641,12.66528702,0.06485287060606051,0.3069050298181858,0.054909090909091365,0.07206666666666749,Increasing Investment
RUS,Russian Federation,Europe & Central Asia,High income,37319.3203125,35.7,74.6222859951926,15.063299330246,7.03,4.165,8.635,5.64849091,10.19961929,0.07800584612121288,0.08592156478787782,-0.19733333333333666,-0.049224242424243704,Stable
RWA,Rwanda,Sub-Saharan Africa,Low income,2667.46458436613,43.7,22.9711026997362,3.35702522122747,0.73,0.117,0.937,4.91471481,6.27615356,-0.37702021745455033,-0.3404115563030359,-3.636363636363523e-4,0.011010882352941502,Divestment/Austerity
SAU,Saudi Arabia,Middle East & North Africa,High income,62647.7299487842,NA,83.6394643268678,2.45024814989585,2.53,2.633,6.531,5.46743011,11.97922897,0.26886095575758157,0.6614238098181938,0.024969696969697086,0.06128484848484966,Increasing Investment
SDN,Sudan,Sub-Saharan Africa,Low income,3625.52319335938,34.2,34.4727685824236,2.9179533217527,0.66,0.25,1.083,4.59967566,5.55815172,-0.08947772357575719,-0.19891904218181536,-0.016848484848485033,NA,Divestment/Austerity
SEN,Senegal,Sub-Saharan Africa,Lower middle income,4070.61227058594,38.3,49.9443321273477,3.51051951175819,0.71,0.088,0.539,4.49531031,3.50027966,0.02918434151515169,-0.16904346787878852,0.004999999999998276,-0.04140500000000274,Divestment/Austerity
SGP,Singapore,East Asia & Pacific,High income,120114.133894235,NA,100,10.9750531897302,2.69,2.519,6.359,4.40746737,16.28944588,0.15088617472727534,0.45285015709091364,0.06157575757575826,0.08483030303030431,Increasing Investment
SLB,Solomon Islands,East Asia & Pacific,Lower middle income,2661.61667922254,37.1,27.275106750276,3.7418955238434,NA,0.181,1.993,4.43728065,9.15350819,-0.08730380800000212,-0.30993427800000933,NA,-7.142857142857938e-5,Divestment/Austerity
SLE,Sierra Leone,Sub-Saharan Africa,Low income,2852.66269917494,35.7,42.7018444914441,3.13516272846153,NA,0.033,0.865,5.7052846,5.84172201,-0.03721251945453916,-0.16626463212121786,NA,0.003400000000000001,Divestment/Austerity
SLV,El Salvador,Latin America & Caribbean,Upper middle income,10543.9383291317,38.8,72.4148941040039,7.62636268560709,1.07,2.963,1.894,8.80846119,16.971138,-0.039443333696971054,-0.09036081484848693,-0.004833333333333367,NA,Stable
SMR,San Marino,Europe & Central Asia,High income,60171.0471344217,NA,97.0999984741211,19.6534210602257,3.35,5.964,8.012,8.14801598,32.23926163,0.09662840933333583,0.8157111890909189,-0.049000000000000106,0.3435000000000002,Increasing Investment
SRB,Serbia,Europe & Central Asia,Upper middle income,20496.4382132514,34.5,61.0492248535156,21.0643608505556,5.67,2.966,6.493,8.28762531,12.03067684,-0.12013663103030543,-0.18318611496970094,0.04096969696969753,-0.012983333333333782,Divestment/Austerity
SSD,South Sudan,Sub-Saharan Africa,Low income,NA,44,19.9062299188719,2.62643590603589,NA,0.033,0.585,9.06570053,2.10620522,-6.523761749996674,6.881875071122585e-16,NA,NA,Stable
STP,Sao Tome and Principe,Sub-Saharan Africa,Lower middle income,5702.08347071236,40.7,67.9129943847656,3.82254255079853,2.91,0.492,2.165,5.48078823,9.77780437,-0.027288151090905655,0.6876234826666774,NA,NA,Increasing Investment
SUR,Suriname,Latin America & Caribbean,Upper middle income,22966.7405999124,NA,66.0370492311305,6.77123915426368,2.69,0.787,3.769,8.38353634,15.04520512,0.3608560164242434,0.9607225331515274,-0.030848484848485107,-0.06049999999999998,Increasing Investment
SVK,Slovak Republic,Europe & Central Asia,High income,37209.5332553073,23.2,53.3666558664583,16.259188968312,5.76,3.569,6.062,6.91102982,13.40012074,-0.10262251769697177,0.02401853648484879,-0.056363636363637504,0.024000000000000146,Stable
SVN,Slovenia,Europe & Central Asia,High income,44569.5878416535,24.4,55.4523277282715,19.8516683589804,4.44,3.27,10.43,8.56564522,14.15869808,-0.0357085370909103,0.2415970886666687,-0.01818181818181848,0.09893939393939537,Increasing Investment
SWE,Sweden,Europe & Central Asia,High income,61601.6292338778,29.3,87.7088420242759,19.9506621429353,2.07,4.288,11.63,10.93444347,18.67248726,0.16942647800000357,0.3512317306666733,-0.07896969696969798,0.05759393939394043,Increasing Investment
SWZ,Eswatini,Sub-Saharan Africa,Lower middle income,10099.5863118406,54.6,24.3459549517751,3.79565953652678,2.02,0.238,4.026,8.40033817,12.93035984,-0.0974351687272776,-0.38272160606062205,NA,0.016224137931034457,Divestment/Austerity
SXM,Sint Maarten (Dutch part),Latin America & Caribbean,High income,45996.7912346922,NA,100,10.6426970743726,NA,NA,NA,NA,NA,NA,NA,NA,NA,Stable
SYC,Seychelles,Sub-Saharan Africa,High income,34346.0708923483,32.1,44.0049304031754,7.36545956030786,2.88,1.869,5.438,4.25269794,9.58416653,-0.02180607872727258,0.08153153084848641,-0.06309090909091046,0.12319999999998515,Stable
SYR,Syrian Arab Republic,Middle East & North Africa,Low income,4825.40602053761,NA,73.8248788261986,4.4946862790511,1.26,1.517,1.776,3.96978569,9.07068634,0.10752791212121404,0.5990083663030401,-0.03278787878787906,0.012237500000000501,Increasing Investment
TCA,Turks and Caicos Islands,Latin America & Caribbean,High income,30611.2130237381,NA,92.9404854322845,9.8145509724201,NA,NA,NA,NA,NA,NA,NA,NA,NA,Stable
TCD,Chad,Sub-Saharan Africa,Low income,2604.53153663392,37.5,24.2731047386633,2.04845628973613,0.44,0.052,0.134,3.38471627,4.86149549,0.07422608169697119,0.15646158218182188,NA,0.0012976190476190314,Increasing Investment
TGO,Togo,Sub-Saharan Africa,Low income,2577.51616831372,42.5,41.445731197295,2.99903061159381,0.56,0.074,0.444,5.91268635,5.38174009,0.2584853840000056,-0.12087826042424557,0.0034545454545457004,0.002983606557376985,Divestment/Austerity
THA,Thailand,East Asia & Pacific,Upper middle income,21277.8392684764,34.9,55.9266166687012,12.3287535151114,2.21,0.548,3.069,3.78911877,13.28045177,0.054429018424243567,0.14424174909091136,0.010909090909090912,0.024344262295080365,Increasing Investment
TJK,Tajikistan,Europe & Central Asia,Lower middle income,3649.88375518646,34,26.1300735473633,3.18626005591206,4.26,1.933,5.119,6.9476676,6.58593607,0.15081818909091196,0.103177281454547,-0.07757575757575871,0.028757575757576013,Increasing Investment
TKM,Turkmenistan,Europe & Central Asia,Upper middle income,15231.3056176565,NA,47.0494562466485,3.72875616489817,3.73,1.957,3.69,5.5522337,8.71422386,0.33588951248485455,0.0010360026060604777,0.028303030303031107,-0.013951515151515378,Stable
TLS,Timor-Leste,East Asia & Pacific,Lower middle income,5103.14962872555,28.7,29.1148755245217,5.56015264294518,0.41,0.764,1.745,4.99218798,4.19340992,-0.13432705309090687,0.1986882992121254,-0.0024409448818898914,0.0774636209813873,Increasing Investment
TON,Tonga,East Asia & Pacific,Upper middle income,6858.83871210154,33.5,22.3288155626206,6.23547949029758,2.48,1.012,4.286,5.74527884,7.5142417,0.05004020187878839,-0.20687369727273047,NA,0.05680952380951756,Divestment/Austerity
TTO,Trinidad and Tobago,Latin America & Caribbean,High income,33748.7060849924,NA,53.9342394732739,9.84595533418547,1.95,4.205,3.823,6.90704823,10.23995018,0.27529396612121587,0.38559705527273375,-0.01617741935484158,0.27784285714284696,Increasing Investment
TUN,Tunisia,Middle East & North Africa,Lower middle income,13243.9024233246,32.8,68.8206382576031,7.94574369640089,1.82,1.299,2.113,6.02461243,12.07894421,0.005339958242424761,-0.16057579690909432,0.0011515151515151497,0.009793594306049536,Divestment/Austerity
TUR,Turkiye,Europe & Central Asia,Upper middle income,28741.0535082701,43.8,88.6618152857124,8.52263227141434,2.78,1.884,2.977,4.35954332,9.53611851,-0.06947783848485038,-0.18028244200000318,0.010424242424242388,0.018860606060606185,Divestment/Austerity
TUV,Tuvalu,East Asia & Pacific,Upper middle income,5292.03025969421,39.1,61.2406529218636,5.61856157263019,NA,0.909,4.537,22.22294044,15.21772289,0.8801788964242498,0.009488348363632156,NA,NA,Stable
TZA,Tanzania,Sub-Saharan Africa,Lower middle income,3484.63256835938,40.5,33.3475258518752,3.00234097600619,0.62,0.05,0.556,4.02347755,9.43801022,-0.14114106709091184,0.39535188151515727,-0.03569672131147875,0.002357142857142241,Increasing Investment
UGA,Uganda,Sub-Saharan Africa,Low income,2689.41009144919,42.7,27.8369781799403,2.0364020510638,0.5,0.172,1.273,3.79341364,3.13882995,-0.3578860309090964,-0.4780802436363688,NA,0.01360526315789365,Divestment/Austerity
UKR,Ukraine,Europe & Central Asia,Upper middle income,17636.5546875,26.6,69.3527648708735,16.7162998851047,6.56,2.936,6.536,7.09389353,7.65581417,0.06970791375757808,0.11079276690909463,-0.33042424242424795,-0.09930000000000032,Increasing Investment
URY,Uruguay,Latin America & Caribbean,High income,30010.5742615797,39.7,95.3479309082031,15.1266239266362,2.5,5.01,6.633,9.240695,20.10689545,0.14824971327272882,0.31796171006061197,-0.011333333333333539,NA,Increasing Investment
USA,United States,North America,High income,69112.602688656,41.9,80.1304793353594,15.6728852475003,2.72,3.482,13.02,16.54486084,22.48074913,0.0655300720606061,0.509033156484858,-0.03036363636363681,NA,Increasing Investment
UZB,Uzbekistan,Europe & Central Asia,Lower middle income,8755.12593984949,NA,50.5920104980469,5.19811024525901,4.65,2.322,10.61,4.83520985,8.27828789,-0.10939322115151787,-0.06383359466666637,-0.039575757575759055,-0.028872727272727886,Stable
VCT,St. Vincent and the Grenadines,Latin America & Caribbean,Upper middle income,16365.3255785124,NA,47.1962073993512,10.5407662695479,3.99,0.938,7.369,4.26063251,9.85360909,-0.011547785696970035,0.19769478472727708,0.27595394736848844,NA,Increasing Investment
VEN,"Venezuela, RB",Latin America & Caribbean,Not classified,NA,NA,89.1030100517924,7.84708794613938,0.93,1.664,2.003,2.18563724,1.61002028,NA,NA,0.014901315789474477,NA,Stable
VGB,British Virgin Islands,Latin America & Caribbean,High income,NA,NA,52.3907871425786,8.05066699638682,NA,NA,9.109,NA,NA,NA,NA,NA,NA,Stable
VIR,Virgin Islands (U.S.),Latin America & Caribbean,High income,45632.6364715693,NA,95.0857481413049,20.6081288987105,NA,NA,NA,NA,NA,NA,NA,NA,NA,Stable
VNM,Viet Nam,East Asia & Pacific,Lower middle income,11628.6139147451,35.7,34.6239134999511,7.25022977006795,2.52,0.99,1.441,4.97407484,10.19859123,0.004991170060605896,0.17379988454545675,0.06714285714286028,0.023551643192488515,Increasing Investment
VUT,Vanuatu,East Asia & Pacific,Lower middle income,3512.07197251664,32.3,23.5024668917075,4.00620580886999,NA,0.164,1.459,3.49615431,4.78193808,-0.06266723357575893,-0.5011687712121305,NA,-0.004791304347825942,Divestment/Austerity
WSM,Samoa,East Asia & Pacific,Lower middle income,7033.52113384547,38.7,18.4147344481283,5.17090564139966,NA,0.558,3.232,5.64761591,13.61375618,-0.006136683333333693,0.12891048042424363,NA,0.018099999999999995,Increasing Investment
XKX,Kosovo,Europe & Central Asia,Upper middle income,11774.1178510908,40.2,44.0002171565695,8.53982411816925,NA,NA,NA,NA,NA,NA,NA,NA,NA,Stable
YEM,"Yemen, Rep.",Middle East & North Africa,Low income,NA,36.7,34.9067561732024,2.57211420533341,0.54,0.27,0.657,10.97374439,6.90042734,0.6438383101212171,0.24705359551514913,-0.015999999999998866,NA,Increasing Investment
ZAF,South Africa,Sub-Saharan Africa,Upper middle income,14352.6698709871,63,63.4127255007908,5.94522019077183,2.25,0.779,1.085,8.24652863,15.28983974,0.030392647090909452,0.13435852121212347,NA,0.00783030303030316,Increasing Investment
ZMB,Zambia,Sub-Saharan Africa,Lower middle income,3591.56418883108,55.8,43.4897864547552,1.78700911823288,2,0.237,1.418,6.75330257,7.57306385,0.201299063151514,0.04021343436363757,NA,0.019523076923077053,Stable
ZWE,Zimbabwe,Sub-Saharan Africa,Lower middle income,4993.8438389475205,50.3,36.1837638266364,3.53424144890757,1.95,0.123,1.854,3.23268151,3.26649117,-0.563653907090913,-1.061963481454557,0.048571428571428536,0.010424242424242731,Divestment/Austerity
